2026-09-28 21:51:30 | DEBUG | CollinRuntime | Runtime object created.
2026-09-28 21:51:30 | INFO | CollinRuntime | Collin starting...
2026-09-28 21:51:30 | INFO | CollinRuntime | Collin is running.
2026-09-28 21:51:30 | INFO | CollinRuntime | Collin paused.
2026-09-28 21:51:30 | INFO | CollinRuntime | Collin resumed.
2026-09-28 21:51:30 | INFO | CollinRuntime | Collin stopping...
2026-09-28 21:51:30 | INFO | CollinRuntime | Collin stopped.
2026-09-28 21:52:04 | INFO | CollinRuntime | Collin starting...
2026-09-28 21:52:04 | INFO | CollinRuntime | Collin is running.
2026-09-28 21:52:04 | INFO | CollinRuntime | Collin paused.
2026-09-28 21:52:04 | INFO | CollinRuntime | Collin resumed.
2026-09-28 21:52:04 | INFO | CollinRuntime | Collin stopping...
2026-09-28 21:52:04 | INFO | CollinRuntime | Collin stopped.
2026-09-28 22:06:49 | INFO | WakeListener | Wake listener started. Wake phrase: 'hi colin'
2026-09-28 22:06:49 | INFO | WakeListener | Wake phrase detected.
2026-09-28 22:06:49 | INFO | WakeListener | Wake phrase detected.
2026-09-28 22:06:49 | INFO | WakeListener | Wake listener stopped.
2026-09-28 22:08:41 | INFO | TeachingMode | Teaching mode started.
2026-09-28 22:08:41 | INFO | TeachingMode | Teaching mode stopped.
2026-09-28 22:09:15 | INFO | TeachingRecorder | Teaching recorder started.
2026-09-28 22:09:15 | DEBUG | TeachingRecorder | Recorded teaching event: {'timestamp': '2026-09-28T22:09:15', 'action': 'open_application', 'target': 'Chrome', 'details': {}}
2026-09-28 22:09:15 | DEBUG | TeachingRecorder | Recorded teaching event: {'timestamp': '2026-09-28T22:09:15', 'action': 'click', 'target': 'Gemini', 'details': {'description': 'Gemini button'}}
2026-09-28 22:09:15 | INFO | TeachingRecorder | Teaching recorder stopped. Events: 2
2026-09-28 22:09:51 | INFO | ProcedureBuilder | Procedure built: open_gemini (2 steps)
2026-09-28 22:22:13 | INFO | CollinRuntime | Collin starting...
2026-09-28 22:22:13 | INFO | CollinRuntime | Collin is running.
2026-09-28 22:22:13 | INFO | CollinRuntime | Processing command: wait
2026-09-28 22:22:13 | INFO | CollinRuntime | Command executed successfully.
2026-09-28 22:22:13 | INFO | CollinRuntime | Collin stopping...
2026-09-28 22:22:13 | INFO | CollinRuntime | Collin stopped.
2026-09-28 22:23:26 | INFO | WakeListener | Wake listener started. Wake phrase: 'hi colin'
2026-09-28 22:23:26 | INFO | WakeManager | Wake manager started.
2026-09-28 22:23:26 | INFO | WakeListener | Wake phrase detected.
2026-09-28 22:23:26 | INFO | CollinRuntime | Collin starting...
2026-09-28 22:23:26 | INFO | CollinRuntime | Collin is running.
2026-09-28 22:23:26 | INFO | WakeManager | Collin activated by wake phrase.
2026-09-28 22:23:26 | INFO | CollinRuntime | Collin stopping...
2026-09-28 22:23:26 | INFO | CollinRuntime | Collin stopped.
2026-09-28 22:23:26 | INFO | WakeListener | Wake listener stopped.
2026-09-28 22:23:26 | INFO | WakeManager | Wake manager stopped.
2026-09-28 22:24:48 | INFO | WakeListener | Wake listener started. Wake phrase: 'hi colin'
2026-09-28 22:24:48 | INFO | WakeManager | Wake manager started.
2026-09-28 22:25:16 | INFO | WakeListener | Wake phrase detected.
2026-09-28 22:25:16 | INFO | CollinRuntime | Collin starting...
2026-09-28 22:25:16 | INFO | CollinRuntime | Collin is running.
2026-09-28 22:25:16 | INFO | WakeManager | Collin activated by wake phrase.
2026-09-28 22:25:28 | INFO | CollinRuntime | Collin stopping...
2026-09-28 22:25:28 | INFO | CollinRuntime | Collin stopped.
2026-09-28 22:25:28 | INFO | WakeListener | Wake listener stopped.
2026-09-28 22:25:28 | INFO | WakeManager | Wake manager stopped.
2026-09-28 22:31:21 | INFO | WakeListener | Wake listener started. Wake phrase: 'hi colin'
2026-09-28 22:31:21 | INFO | WakeManager | Wake manager started.
2026-09-28 22:33:33 | INFO | WakeListener | Wake listener stopped.
2026-09-28 22:33:33 | INFO | WakeManager | Wake manager stopped.
2026-09-28 22:34:23 | INFO | WakeListener | Wake listener started. Wake phrase: 'hi colin'
2026-09-28 22:34:23 | INFO | WakeListener | Wake phrase detected: hi colin
2026-09-28 22:34:23 | INFO | WakeListener | Wake phrase detected: hi calling
2026-09-28 22:34:23 | INFO | WakeListener | Wake phrase detected: my calling
2026-09-28 22:34:23 | INFO | WakeListener | Wake phrase detected: high Colin
2026-09-28 22:34:23 | INFO | WakeListener | Wake phrase detected: hi c o l i
2026-09-28 22:34:23 | INFO | WakeListener | Wake phrase detected: hi c o l
2026-09-28 22:34:23 | INFO | WakeListener | Wake phrase detected: hello colin
2026-09-28 22:34:23 | INFO | WakeListener | Wake listener stopped.
2026-09-28 22:34:48 | INFO | WakeListener | Wake listener started. Wake phrase: 'hi colin'
2026-09-28 22:34:48 | INFO | WakeManager | Wake manager started.
2026-09-28 22:34:51 | INFO | WakeListener | Wake phrase detected: hi calling
2026-09-28 22:34:51 | INFO | CollinRuntime | Collin starting...
2026-09-28 22:34:51 | INFO | CollinRuntime | Collin is running.
2026-09-28 22:34:51 | INFO | WakeManager | Collin activated by wake phrase.
2026-09-28 22:34:57 | INFO | CollinRuntime | Processing command: open Chrome
2026-09-28 22:34:59 | INFO | CollinRuntime | Command executed successfully.
2026-09-28 22:35:16 | INFO | CollinRuntime | Collin stopping...
2026-09-28 22:35:16 | INFO | CollinRuntime | Collin stopped.
2026-09-28 22:35:16 | INFO | WakeListener | Wake listener stopped.
2026-09-28 22:35:16 | INFO | WakeManager | Wake manager stopped.
2026-09-29 14:30:58 | INFO | WakeListener | Wake listener started. Wake phrase: 'hi colin'
2026-09-29 14:30:58 | INFO | WakeManager | Wake manager started.
2026-09-29 14:30:58 | INFO | Collin | Collin background voice runtime started.
2026-09-29 14:32:17 | INFO | Collin | Heard: hi calling
2026-09-29 14:32:17 | INFO | WakeListener | Wake phrase detected: hi calling
2026-09-29 14:32:17 | INFO | CollinRuntime | Collin starting...
2026-09-29 14:32:17 | INFO | CollinRuntime | Collin is running.
2026-09-29 14:32:17 | INFO | WakeManager | Collin activated by wake phrase.
2026-09-29 14:32:17 | INFO | Collin | Collin is awake.
2026-09-29 14:32:24 | INFO | Collin | Heard: open Chrome
2026-09-29 14:32:24 | INFO | CollinRuntime | Processing command: open Chrome
2026-09-29 14:32:25 | INFO | CollinRuntime | Command executed successfully.
2026-09-29 14:32:25 | INFO | Collin | Command result: True
2026-09-29 14:32:40 | INFO | Collin | Heard: open Chrome
2026-09-29 14:32:40 | INFO | CollinRuntime | Processing command: open Chrome
2026-09-29 14:32:41 | INFO | CollinRuntime | Command executed successfully.
2026-09-29 14:32:41 | INFO | Collin | Command result: True
2026-09-29 14:32:58 | INFO | Collin | Heard: open Chrome
2026-09-29 14:32:58 | INFO | CollinRuntime | Processing command: open Chrome
2026-09-29 14:32:59 | INFO | CollinRuntime | Command executed successfully.
2026-09-29 14:32:59 | INFO | Collin | Command result: True
2026-09-29 14:33:13 | INFO | Collin | Heard: Ek agent open Chrome
2026-09-29 14:33:13 | INFO | CollinRuntime | Processing command: Ek agent open Chrome
2026-09-29 14:33:13 | WARNING | CollinRuntime | Command was not executed.
2026-09-29 14:33:13 | INFO | Collin | Command result: False
2026-09-29 14:34:05 | INFO | Collin | Heard: open Chrome
2026-09-29 14:34:05 | INFO | CollinRuntime | Processing command: open Chrome
2026-09-29 14:34:06 | INFO | CollinRuntime | Command executed successfully.
2026-09-29 14:34:06 | INFO | Collin | Command result: True
2026-09-29 14:35:28 | INFO | Collin | Heard: open Chrome
2026-09-29 14:35:28 | INFO | CollinRuntime | Processing command: open Chrome
2026-09-29 14:35:30 | INFO | CollinRuntime | Command executed successfully.
2026-09-29 14:35:30 | INFO | Collin | Command result: True
2026-09-29 14:36:58 | INFO | Collin | Heard: open Chrome
2026-09-29 14:36:58 | INFO | CollinRuntime | Processing command: open Chrome
2026-09-29 14:37:00 | INFO | CollinRuntime | Command executed successfully.
2026-09-29 14:37:00 | INFO | Collin | Command result: True
2026-09-29 14:41:05 | INFO | Collin | Heard: hi calling
2026-09-29 14:41:05 | INFO | CollinRuntime | Processing command: hi calling
2026-09-29 14:41:05 | WARNING | CollinRuntime | Command was not executed.
2026-09-29 14:41:05 | INFO | Collin | Command result: False
2026-09-29 14:41:09 | INFO | Collin | Heard: hi calling
2026-09-29 14:41:09 | INFO | CollinRuntime | Processing command: hi calling
2026-09-29 14:41:09 | WARNING | CollinRuntime | Command was not executed.
2026-09-29 14:41:09 | INFO | Collin | Command result: False
2026-09-29 14:41:19 | INFO | Collin | Heard: open Chrome
2026-09-29 14:41:19 | INFO | CollinRuntime | Processing command: open Chrome
2026-09-29 14:41:21 | INFO | CollinRuntime | Command executed successfully.
2026-09-29 14:41:21 | INFO | Collin | Command result: True
2026-09-29 14:41:37 | INFO | Collin | Heard: lenders
2026-09-29 14:41:37 | INFO | CollinRuntime | Processing command: lenders
2026-09-29 14:41:37 | WARNING | CollinRuntime | Command was not executed.
2026-09-29 14:41:37 | INFO | Collin | Command result: False
2026-09-29 14:41:58 | INFO | Collin | Heard: serious
2026-09-29 14:41:58 | INFO | CollinRuntime | Processing command: serious
2026-09-29 14:41:58 | WARNING | CollinRuntime | Command was not executed.
2026-09-29 14:41:58 | INFO | Collin | Command result: False
2026-09-29 14:42:03 | INFO | Collin | Heard: hello
2026-09-29 14:42:03 | INFO | CollinRuntime | Processing command: hello
2026-09-29 14:42:03 | WARNING | CollinRuntime | Command was not executed.
2026-09-29 14:42:03 | INFO | Collin | Command result: False
2026-09-29 14:45:24 | INFO | Collin | Heard: learn this
2026-09-29 14:45:24 | INFO | CollinRuntime | Processing command: learn this
2026-09-29 14:45:24 | WARNING | CollinRuntime | Command was not executed.
2026-09-29 14:45:24 | INFO | Collin | Command result: False
2026-09-29 14:45:29 | INFO | Collin | Heard: learn this
2026-09-29 14:45:29 | INFO | CollinRuntime | Processing command: learn this
2026-09-29 14:45:29 | WARNING | CollinRuntime | Command was not executed.
2026-09-29 14:45:29 | INFO | Collin | Command result: False
2026-09-29 14:45:40 | INFO | Collin | Heard: jaundice
2026-09-29 14:45:40 | INFO | CollinRuntime | Processing command: jaundice
2026-09-29 14:45:40 | WARNING | CollinRuntime | Command was not executed.
2026-09-29 14:45:40 | INFO | Collin | Command result: False
2026-09-29 15:06:01 | INFO | Collin | Heard: open Chrome
2026-09-29 15:06:01 | INFO | CollinRuntime | Processing command: open Chrome
2026-09-29 15:06:03 | INFO | CollinRuntime | Command executed successfully.
2026-09-29 15:06:03 | INFO | Collin | Command result: True
2026-09-29 15:08:33 | INFO | Collin | Heard: Nahin
2026-09-29 15:08:33 | INFO | CollinRuntime | Processing command: Nahin
2026-09-29 15:08:33 | WARNING | CollinRuntime | Command was not executed.
2026-09-29 15:08:33 | INFO | Collin | Command result: False
2026-09-29 15:08:47 | INFO | Collin | Heard: Main Kya Karun
2026-09-29 15:08:47 | INFO | CollinRuntime | Processing command: Main Kya Karun
2026-09-29 15:08:47 | WARNING | CollinRuntime | Command was not executed.
2026-09-29 15:08:47 | INFO | Collin | Command result: False
2026-09-29 15:09:35 | INFO | Collin | Heard: fingerprint
2026-09-29 15:09:35 | INFO | CollinRuntime | Processing command: fingerprint
2026-09-29 15:09:35 | WARNING | CollinRuntime | Command was not executed.
2026-09-29 15:09:35 | INFO | Collin | Command result: False
2026-09-29 15:09:46 | INFO | Collin | Heard: aapko kya hai
2026-09-29 15:09:46 | INFO | CollinRuntime | Processing command: aapko kya hai
2026-09-29 15:09:46 | WARNING | CollinRuntime | Command was not executed.
2026-09-29 15:09:46 | INFO | Collin | Command result: False
2026-09-29 15:17:37 | INFO | TeachingSession | COLLIN — LEARNING
2026-09-29 15:17:37 | INFO | TeachingSession | Teaching instruction recorded.
2026-09-29 15:17:38 | INFO | Activation | COLLIN AWAKE
2026-09-29 15:17:38 | INFO | Activation | COLLIN AWAKE
2026-09-29 15:17:38 | INFO | Activation | COLLIN AWAKE
2026-09-29 15:17:38 | INFO | Activation | COLLIN AWAKE
2026-09-29 15:17:38 | INFO | Activation | COLLIN AWAKE
2026-09-29 15:17:38 | INFO | Activation | COLLIN AWAKE
2026-09-29 15:17:38 | INFO | Activation | COLLIN AWAKE
2026-09-29 15:17:38 | INFO | Activation | COLLIN AWAKE
2026-09-29 15:17:38 | INFO | Activation | Teaching command received.
2026-09-29 15:17:40 | INFO | TeachingSession | COLLIN — LEARNING
2026-09-29 15:26:39 | INFO | Activation | COLLIN AWAKE
2026-09-29 15:26:39 | INFO | Activation | COLLIN LEARNING
2026-09-29 15:26:41 | INFO | TeachingSession | COLLIN — LEARNING
2026-09-29 15:26:42 | WARNING | Activation | Teaching stop warning: 'TeachingSessionManager' object has no attribute 'stop'
2026-09-29 15:26:42 | INFO | Activation | COLLIN LEARNING STOPPED
2026-09-29 15:26:42 | INFO | Activation | COLLIN SLEEPING
2026-09-29 15:26:43 | INFO | Activation | COLLIN AWAKE
2026-09-29 15:26:43 | INFO | Activation | COLLIN SLEEPING
2026-09-29 15:27:13 | INFO | Collin | Heard: hi calling
2026-09-29 15:27:13 | INFO | CollinRuntime | Processing command: hi calling
2026-09-29 15:27:13 | WARNING | CollinRuntime | Command was not executed.
2026-09-29 15:27:13 | INFO | Collin | Command result: False
2026-09-29 15:27:19 | INFO | Collin | Heard: open Chrome
2026-09-29 15:27:19 | INFO | CollinRuntime | Processing command: open Chrome
2026-09-29 15:27:20 | INFO | CollinRuntime | Command executed successfully.
2026-09-29 15:27:20 | INFO | Collin | Command result: True
2026-09-29 15:27:36 | INFO | Collin | Heard: go to sleep
2026-09-29 15:27:36 | INFO | CollinRuntime | Collin stopping...
2026-09-29 15:27:36 | INFO | CollinRuntime | Collin stopped.
2026-09-29 15:27:44 | INFO | Collin | Heard: go to sleep
2026-09-29 15:30:17 | INFO | Collin | Heard: open Chrome
2026-09-29 15:30:23 | INFO | Collin | Heard: open Chrome
2026-09-29 15:30:31 | INFO | Collin | Heard: open Chrome
2026-09-29 15:31:09 | INFO | Collin | Heard: open Chrome
2026-09-29 15:31:16 | INFO | Collin | Heard: open Chrome
2026-09-29 15:31:20 | INFO | Collin | Heard: open Chrome
2026-09-29 15:37:35 | WARNING | CollinRuntime | Cannot process command because Collin is not running.
2026-09-29 15:40:11 | INFO | CollinRuntime | Collin starting...
2026-09-29 15:40:11 | INFO | CollinRuntime | Collin is running.
2026-09-29 15:42:36 | INFO | Collin | Heard: hi calling
2026-09-29 15:42:36 | INFO | WakeListener | Wake phrase detected: hi calling
2026-09-29 15:42:36 | INFO | CollinRuntime | Collin starting...
2026-09-29 15:42:36 | INFO | CollinRuntime | Collin is running.
2026-09-29 15:42:36 | INFO | WakeManager | Collin activated by wake phrase.
2026-09-29 15:42:36 | INFO | Collin | Collin is awake.
2026-09-29 15:43:04 | INFO | Collin | Heard: open Chrome
2026-09-29 15:43:04 | INFO | CollinRuntime | Processing command: open Chrome
2026-09-29 15:43:05 | INFO | CollinRuntime | Command executed successfully.
2026-09-29 15:43:05 | INFO | Collin | Command result: True
2026-09-29 15:43:32 | INFO | Collin | Heard: hi calling sleep
2026-09-29 15:43:32 | INFO | CollinRuntime | Processing command: hi calling sleep
2026-09-29 15:43:32 | WARNING | CollinRuntime | Command was not executed.
2026-09-29 15:43:32 | INFO | Collin | Command result: False
2026-09-29 15:43:56 | INFO | Collin | Heard: hi calling
2026-09-29 15:43:56 | INFO | CollinRuntime | Processing command: hi calling
2026-09-29 15:43:56 | WARNING | CollinRuntime | Command was not executed.
2026-09-29 15:43:56 | INFO | Collin | Command result: False
2026-09-29 15:44:00 | INFO | Collin | Heard: hi calling
2026-09-29 15:44:00 | INFO | CollinRuntime | Processing command: hi calling
2026-09-29 15:44:00 | WARNING | CollinRuntime | Command was not executed.
2026-09-29 15:44:00 | INFO | Collin | Command result: False
2026-09-29 15:44:28 | INFO | Collin | Heard: hi calling
2026-09-29 15:44:28 | INFO | CollinRuntime | Processing command: hi calling
2026-09-29 15:44:28 | WARNING | CollinRuntime | Command was not executed.
2026-09-29 15:44:28 | INFO | Collin | Command result: False
2026-09-29 15:45:19 | INFO | CollinRuntime | Collin is already stopped.
2026-09-29 15:47:46 | INFO | CollinRuntime | Collin starting...
2026-09-29 15:47:46 | INFO | CollinRuntime | Collin is running.
2026-09-29 15:48:29 | INFO | Collin | Heard: hi calling
2026-09-29 15:48:29 | INFO | CollinRuntime | Processing command: hi calling
2026-09-29 15:48:29 | WARNING | CollinRuntime | Command was not executed.
2026-09-29 15:48:29 | INFO | Collin | Command result: False
2026-09-29 15:49:44 | INFO | CollinRuntime | Collin stopping...
2026-09-29 15:49:44 | INFO | CollinRuntime | Collin stopped.
2026-09-29 15:50:02 | INFO | CollinRuntime | Collin starting...
2026-09-29 15:50:02 | INFO | CollinRuntime | Collin is running.
2026-09-29 15:54:38 | INFO | CollinRuntime | Collin stopping...
2026-09-29 15:54:38 | INFO | CollinRuntime | Collin stopped.
2026-09-29 15:55:35 | INFO | CollinRuntime | Collin is already stopped.
2026-09-29 15:56:50 | INFO | CollinRuntime | Collin starting...
2026-09-29 15:56:50 | INFO | CollinRuntime | Collin is running.
2026-09-29 15:56:50 | INFO | Collin | Heard: hi calling
2026-09-29 15:56:50 | INFO | CollinRuntime | Processing command: hi calling
2026-09-29 15:56:50 | WARNING | CollinRuntime | Command was not executed.
2026-09-29 15:56:50 | INFO | Collin | Command result: False
2026-09-29 15:57:05 | INFO | CollinRuntime | Processing command: open Chrome
2026-09-29 15:57:05 | INFO | Collin | Heard: open Chrome
2026-09-29 15:57:05 | INFO | CollinRuntime | Processing command: open Chrome
2026-09-29 15:57:06 | INFO | CollinRuntime | Command executed successfully.
2026-09-29 15:57:06 | INFO | CollinRuntime | Command executed successfully.
2026-09-29 15:57:06 | INFO | Collin | Command result: True
2026-09-29 15:57:26 | INFO | Collin | Heard: sleep
2026-09-29 15:57:26 | INFO | CollinRuntime | Collin stopping...
2026-09-29 15:57:26 | INFO | CollinRuntime | Collin stopped.
2026-09-29 15:57:32 | INFO | Collin | Heard: learn this
2026-09-29 15:57:44 | INFO | Collin | Heard: hi calling
2026-09-29 15:57:44 | INFO | WakeListener | Wake phrase detected: hi calling
2026-09-29 15:57:44 | INFO | CollinRuntime | Collin starting...
2026-09-29 15:57:44 | INFO | CollinRuntime | Collin is running.
2026-09-29 15:57:44 | INFO | WakeManager | Collin activated by wake phrase.
2026-09-29 15:57:44 | INFO | Collin | Collin is awake.
2026-09-29 15:57:49 | INFO | CollinRuntime | Processing command: open vs
2026-09-29 15:57:49 | WARNING | CollinRuntime | Command was not executed.
2026-09-29 15:57:50 | INFO | Collin | Heard: open vs code
2026-09-29 15:57:50 | INFO | CollinRuntime | Processing command: open vs code
2026-09-29 15:57:52 | INFO | CollinRuntime | Command executed successfully.
2026-09-29 15:57:52 | INFO | Collin | Command result: True
2026-09-29 15:58:14 | INFO | Collin | Heard: open Chrome
2026-09-29 15:58:14 | INFO | CollinRuntime | Processing command: open Chrome
2026-09-29 15:58:14 | INFO | CollinRuntime | Processing command: open Chrome
2026-09-29 15:58:15 | INFO | CollinRuntime | Command executed successfully.
2026-09-29 15:58:15 | INFO | Collin | Command result: True
2026-09-29 15:58:15 | INFO | CollinRuntime | Command executed successfully.
2026-09-29 15:58:24 | INFO | CollinRuntime | Processing command: right here
2026-09-29 15:58:24 | WARNING | CollinRuntime | Command was not executed.
2026-09-29 15:58:24 | INFO | Collin | Heard: right here
2026-09-29 15:58:24 | INFO | CollinRuntime | Processing command: right here
2026-09-29 15:58:24 | WARNING | CollinRuntime | Command was not executed.
2026-09-29 15:58:24 | INFO | Collin | Command result: False
2026-09-29 15:58:37 | INFO | Collin | Heard: ok ok
2026-09-29 15:58:37 | INFO | CollinRuntime | Processing command: ok ok
2026-09-29 15:58:37 | WARNING | CollinRuntime | Command was not executed.
2026-09-29 15:58:37 | INFO | Collin | Command result: False
2026-09-29 15:58:41 | INFO | Collin | Heard: learn this
2026-09-29 15:58:41 | INFO | CollinRuntime | Processing command: learn this
2026-09-29 15:58:41 | WARNING | CollinRuntime | Command was not executed.
2026-09-29 15:58:41 | INFO | Collin | Command result: False
2026-09-29 15:58:46 | INFO | Collin | Heard: stop learning
2026-09-29 15:58:46 | INFO | CollinRuntime | Processing command: stop learning
2026-09-29 15:58:46 | WARNING | CollinRuntime | Command was not executed.
2026-09-29 15:58:46 | INFO | Collin | Command result: False
2026-09-29 15:58:54 | INFO | CollinRuntime | Processing command: what is land
2026-09-29 15:58:54 | WARNING | CollinRuntime | Command was not executed.
2026-09-29 15:58:55 | INFO | Collin | Heard: what is land
2026-09-29 15:58:55 | INFO | CollinRuntime | Processing command: what is land
2026-09-29 15:58:55 | WARNING | CollinRuntime | Command was not executed.
2026-09-29 15:58:55 | INFO | Collin | Command result: False
2026-09-29 15:58:57 | INFO | CollinRuntime | Processing command: what you like
2026-09-29 15:58:57 | WARNING | CollinRuntime | Command was not executed.
2026-09-29 15:59:12 | INFO | CollinRuntime | Processing command: right here
2026-09-29 15:59:12 | WARNING | CollinRuntime | Command was not executed.
2026-09-29 15:59:12 | INFO | Collin | Heard: white hair
2026-09-29 15:59:12 | INFO | CollinRuntime | Processing command: white hair
2026-09-29 15:59:12 | WARNING | CollinRuntime | Command was not executed.
2026-09-29 15:59:12 | INFO | Collin | Command result: False
2026-09-29 15:59:14 | INFO | CollinRuntime | Processing command: type here
2026-09-29 15:59:14 | INFO | Collin | Heard: here
2026-09-29 15:59:14 | INFO | CollinRuntime | Processing command: here
2026-09-29 15:59:14 | WARNING | CollinRuntime | Command was not executed.
2026-09-29 15:59:14 | INFO | Collin | Command result: False
2026-09-29 15:59:14 | INFO | CollinRuntime | Command executed successfully.
2026-09-29 15:59:27 | INFO | CollinRuntime | Processing command: type here that chat GPT
2026-09-29 15:59:27 | INFO | Collin | Heard: type here that chat GPT
2026-09-29 15:59:27 | INFO | CollinRuntime | Processing command: type here that chat GPT
2026-09-29 15:59:27 | INFO | CollinRuntime | Command executed successfully.
2026-09-29 15:59:27 | INFO | CollinRuntime | Command executed successfully.
2026-09-29 15:59:27 | INFO | Collin | Command result: True
2026-09-29 16:00:05 | INFO | CollinRuntime | Processing command: type here
2026-09-29 16:00:05 | INFO | CollinRuntime | Command executed successfully.
2026-09-29 16:00:05 | INFO | Collin | Heard: type here
2026-09-29 16:00:05 | INFO | CollinRuntime | Processing command: type here
2026-09-29 16:00:05 | INFO | CollinRuntime | Command executed successfully.
2026-09-29 16:00:05 | INFO | Collin | Command result: True
2026-09-29 16:00:11 | INFO | CollinRuntime | Processing command: chat
2026-09-29 16:00:11 | WARNING | CollinRuntime | Command was not executed.
2026-09-29 16:00:11 | INFO | Collin | Heard: chat
2026-09-29 16:00:11 | INFO | CollinRuntime | Processing command: chat
2026-09-29 16:00:11 | WARNING | CollinRuntime | Command was not executed.
2026-09-29 16:00:11 | INFO | Collin | Command result: False
2026-09-29 16:00:16 | INFO | Collin | Heard: type chat g
2026-09-29 16:00:16 | INFO | CollinRuntime | Processing command: type chat g
2026-09-29 16:00:16 | INFO | CollinRuntime | Processing command: type chat g
2026-09-29 16:00:16 | INFO | CollinRuntime | Command executed successfully.
2026-09-29 16:00:16 | INFO | Collin | Command result: True
2026-09-29 16:00:17 | INFO | CollinRuntime | Command executed successfully.
2026-09-29 16:00:23 | INFO | Collin | Heard: type chat GPT com
2026-09-29 16:00:23 | INFO | CollinRuntime | Processing command: type chat GPT com
2026-09-29 16:00:24 | INFO | CollinRuntime | Processing command: type chat GPT com
2026-09-29 16:00:24 | INFO | CollinRuntime | Command executed successfully.
2026-09-29 16:00:24 | INFO | Collin | Command result: True
2026-09-29 16:00:24 | INFO | CollinRuntime | Command executed successfully.
2026-09-29 16:00:59 | INFO | CollinRuntime | Processing command: paste here
2026-09-29 16:00:59 | WARNING | CollinRuntime | Command was not executed.
2026-09-29 16:02:07 | INFO | CollinRuntime | Processing command: you should work type that you
2026-09-29 16:02:07 | WARNING | CollinRuntime | Command was not executed.
2026-09-29 16:02:07 | INFO | Collin | Heard: you should work type that you
2026-09-29 16:02:07 | INFO | CollinRuntime | Processing command: you should work type that you
2026-09-29 16:02:07 | WARNING | CollinRuntime | Command was not executed.
2026-09-29 16:02:07 | INFO | Collin | Command result: False
2026-09-29 16:02:52 | INFO | CollinRuntime | Processing command: type it is working
2026-09-29 16:02:52 | INFO | Collin | Heard: type it is working
2026-09-29 16:02:52 | INFO | CollinRuntime | Processing command: type it is working
2026-09-29 16:02:52 | INFO | CollinRuntime | Command executed successfully.
2026-09-29 16:02:52 | INFO | CollinRuntime | Command executed successfully.
2026-09-29 16:02:52 | INFO | Collin | Command result: True
2026-09-29 16:07:05 | INFO | Collin | Heard: hi calling
2026-09-29 16:07:05 | INFO | CollinRuntime | Processing command: hi calling
2026-09-29 16:07:05 | WARNING | CollinRuntime | Command was not executed.
2026-09-29 16:07:05 | INFO | Collin | Command result: False
2026-09-29 16:07:12 | INFO | CollinRuntime | Collin stopping...
2026-09-29 16:07:12 | INFO | CollinRuntime | Collin stopped.
2026-09-29 16:07:29 | INFO | Collin | Heard: open Chrome
2026-09-29 16:07:29 | INFO | CollinRuntime | Processing command: open Chrome
2026-09-29 16:07:31 | INFO | CollinRuntime | Command executed successfully.
2026-09-29 16:07:31 | INFO | Collin | Command result: True
2026-09-29 16:08:18 | INFO | Collin | Heard: I calling
2026-09-29 16:08:18 | INFO | CollinRuntime | Processing command: I calling
2026-09-29 16:08:18 | WARNING | CollinRuntime | Command was not executed.
2026-09-29 16:08:18 | INFO | Collin | Command result: False
2026-09-29 16:08:24 | INFO | Collin | Heard: hi calling
2026-09-29 16:08:24 | INFO | CollinRuntime | Processing command: hi calling
2026-09-29 16:08:24 | WARNING | CollinRuntime | Command was not executed.
2026-09-29 16:08:24 | INFO | Collin | Command result: False
2026-09-29 16:08:24 | INFO | CollinRuntime | Collin starting...
2026-09-29 16:08:24 | INFO | CollinRuntime | Collin is running.
2026-09-29 16:09:09 | INFO | CollinRuntime | Processing command: open vs code
2026-09-29 16:09:10 | INFO | Collin | Heard: open vs code
2026-09-29 16:09:10 | INFO | CollinRuntime | Processing command: open vs code
2026-09-29 16:09:10 | INFO | CollinRuntime | Command executed successfully.
2026-09-29 16:09:11 | INFO | CollinRuntime | Command executed successfully.
2026-09-29 16:09:11 | INFO | Collin | Command result: True
2026-09-29 16:09:29 | INFO | CollinRuntime | Processing command: open settings
2026-09-29 16:09:29 | WARNING | CollinRuntime | Command was not executed.
2026-09-29 16:09:29 | INFO | Collin | Heard: open settings
2026-09-29 16:09:29 | INFO | CollinRuntime | Processing command: open settings
2026-09-29 16:09:29 | WARNING | CollinRuntime | Command was not executed.
2026-09-29 16:09:29 | INFO | Collin | Command result: False
2026-09-29 16:10:06 | INFO | CollinRuntime | Processing command: open Chrome
2026-09-29 16:10:06 | INFO | Collin | Heard: open Chrome
2026-09-29 16:10:06 | INFO | CollinRuntime | Processing command: open Chrome
2026-09-29 16:10:07 | INFO | CollinRuntime | Command executed successfully.
2026-09-29 16:10:07 | INFO | CollinRuntime | Command executed successfully.
2026-09-29 16:10:07 | INFO | Collin | Command result: True
2026-09-29 16:12:15 | INFO | Collin | Heard: sleep
2026-09-29 16:12:15 | INFO | CollinRuntime | Collin stopping...
2026-09-29 16:12:15 | INFO | CollinRuntime | Collin stopped.
2026-09-29 16:12:35 | INFO | Collin | Heard: hi calling
2026-09-29 16:12:35 | INFO | WakeListener | Wake phrase detected: hi calling
2026-09-29 16:12:35 | INFO | CollinRuntime | Collin starting...
2026-09-29 16:12:35 | INFO | CollinRuntime | Collin is running.
2026-09-29 16:12:35 | INFO | WakeManager | Collin activated by wake phrase.
2026-09-29 16:12:35 | INFO | Collin | Collin is awake.
2026-09-29 16:13:05 | INFO | Collin | Heard: open Chrome
2026-09-29 16:13:05 | INFO | CollinRuntime | Processing command: open Chrome
2026-09-29 16:13:07 | INFO | CollinRuntime | Command executed successfully.
2026-09-29 16:13:07 | INFO | Collin | Command result: True
2026-09-29 16:13:18 | INFO | Collin | Heard: open Chrome
2026-09-29 16:13:18 | INFO | CollinRuntime | Processing command: open Chrome
2026-09-29 16:13:20 | INFO | CollinRuntime | Command executed successfully.
2026-09-29 16:13:20 | INFO | Collin | Command result: True
2026-09-29 16:14:28 | INFO | Collin | Heard: click here
2026-09-29 16:14:28 | INFO | CollinRuntime | Processing command: click here
2026-09-29 16:14:29 | INFO | CollinRuntime | Command executed successfully.
2026-09-29 16:14:29 | INFO | Collin | Command result: True
2026-09-29 16:14:37 | INFO | Collin | Heard: right click
2026-09-29 16:14:37 | INFO | CollinRuntime | Processing command: right click
2026-09-29 16:14:37 | WARNING | CollinRuntime | Command was not executed.
2026-09-29 16:14:37 | INFO | Collin | Command result: False
2026-09-29 16:14:42 | INFO | Collin | Heard: match kar liya Na Mujhe
2026-09-29 16:14:42 | INFO | CollinRuntime | Processing command: match kar liya Na Mujhe
2026-09-29 16:14:42 | WARNING | CollinRuntime | Command was not executed.
2026-09-29 16:14:42 | INFO | Collin | Command result: False
2026-09-29 16:17:14 | INFO | Collin | Heard: open Chrome
2026-09-29 16:17:14 | INFO | CollinRuntime | Processing command: open Chrome
2026-09-29 16:17:16 | INFO | CollinRuntime | Command executed successfully.
2026-09-29 16:17:16 | INFO | Collin | Command result: True
2026-09-29 16:17:23 | INFO | Collin | Heard: click here
2026-09-29 16:17:23 | INFO | CollinRuntime | Processing command: click here
2026-09-29 16:17:23 | INFO | CollinRuntime | Command executed successfully.
2026-09-29 16:17:23 | INFO | Collin | Command result: True
2026-09-29 16:17:32 | INFO | Collin | Heard: Instagram
2026-09-29 16:17:32 | INFO | CollinRuntime | Processing command: Instagram
2026-09-29 16:17:32 | WARNING | CollinRuntime | Command was not executed.
2026-09-29 16:17:32 | INFO | Collin | Command result: False
2026-09-29 16:17:38 | INFO | Collin | Heard: type IG
2026-09-29 16:17:38 | INFO | CollinRuntime | Processing command: type IG
2026-09-29 16:17:38 | INFO | CollinRuntime | Command executed successfully.
2026-09-29 16:17:38 | INFO | Collin | Command result: True
2026-09-29 16:17:49 | INFO | Collin | Heard: click here
2026-09-29 16:17:49 | INFO | CollinRuntime | Processing command: click here
2026-09-29 16:17:49 | INFO | CollinRuntime | Command executed successfully.
2026-09-29 16:17:49 | INFO | Collin | Command result: True
2026-09-29 16:17:55 | INFO | Collin | Heard: click here
2026-09-29 16:17:55 | INFO | CollinRuntime | Processing command: click here
2026-09-29 16:17:55 | INFO | CollinRuntime | Command executed successfully.
2026-09-29 16:17:55 | INFO | Collin | Command result: True
2026-09-29 16:18:26 | INFO | Collin | Heard: move the cursor little right
2026-09-29 16:18:26 | INFO | CollinRuntime | Processing command: move the cursor little right
2026-09-29 16:18:26 | WARNING | CollinRuntime | Command was not executed.
2026-09-29 16:18:26 | INFO | Collin | Command result: False
2026-09-29 16:18:31 | INFO | Collin | Heard: move the cursor towards your
2026-09-29 16:18:31 | INFO | CollinRuntime | Processing command: move the cursor towards your
2026-09-29 16:18:31 | WARNING | CollinRuntime | Command was not executed.
2026-09-29 16:18:31 | INFO | Collin | Command result: False
2026-09-29 16:18:37 | INFO | Collin | Heard: click edit profile
2026-09-29 16:18:37 | INFO | CollinRuntime | Processing command: click edit profile
2026-09-29 16:18:37 | INFO | CollinRuntime | Command executed successfully.
2026-09-29 16:18:37 | INFO | Collin | Command result: True
2026-09-29 16:18:54 | INFO | Collin | Heard: click here
2026-09-29 16:18:54 | INFO | CollinRuntime | Processing command: click here
2026-09-29 16:18:54 | INFO | CollinRuntime | Command executed successfully.
2026-09-29 16:18:54 | INFO | Collin | Command result: True
2026-09-29 16:19:05 | INFO | Collin | Heard: click here
2026-09-29 16:19:05 | INFO | CollinRuntime | Processing command: click here
2026-09-29 16:19:05 | INFO | CollinRuntime | Command executed successfully.
2026-09-29 16:19:05 | INFO | Collin | Command result: True
2026-09-29 16:19:11 | INFO | Collin | Heard: click here
2026-09-29 16:19:11 | INFO | CollinRuntime | Processing command: click here
2026-09-29 16:19:11 | INFO | CollinRuntime | Command executed successfully.
2026-09-29 16:19:11 | INFO | Collin | Command result: True
2026-09-29 16:19:28 | INFO | Collin | Heard: click here
2026-09-29 16:19:28 | INFO | CollinRuntime | Processing command: click here
2026-09-29 16:19:28 | INFO | CollinRuntime | Command executed successfully.
2026-09-29 16:19:28 | INFO | Collin | Command result: True
2026-09-29 16:19:35 | INFO | Collin | Heard: close Chrome
2026-09-29 16:19:35 | INFO | CollinRuntime | Processing command: close Chrome
2026-09-29 16:19:35 | INFO | CollinRuntime | Command executed successfully.
2026-09-29 16:19:35 | INFO | Collin | Command result: True
2026-09-29 16:19:43 | INFO | Collin | Heard: open the already open Chrome tab
2026-09-29 16:19:43 | INFO | CollinRuntime | Processing command: open the already open Chrome tab
2026-09-29 16:19:45 | INFO | CollinRuntime | Command executed successfully.
2026-09-29 16:19:45 | INFO | Collin | Command result: True
2026-09-29 16:20:14 | INFO | Collin | Heard: who is calling
2026-09-29 16:20:14 | INFO | CollinRuntime | Processing command: who is calling
2026-09-29 16:20:14 | WARNING | CollinRuntime | Command was not executed.
2026-09-29 16:20:14 | INFO | Collin | Command result: False
2026-09-29 16:20:19 | INFO | Collin | Heard: who is calling
2026-09-29 16:20:19 | INFO | CollinRuntime | Processing command: who is calling
2026-09-29 16:20:19 | WARNING | CollinRuntime | Command was not executed.
2026-09-29 16:20:19 | INFO | Collin | Command result: False
2026-09-29 16:20:35 | INFO | Collin | Heard: close Chrome
2026-09-29 16:20:35 | INFO | CollinRuntime | Processing command: close Chrome
2026-09-29 16:20:36 | INFO | CollinRuntime | Command executed successfully.
2026-09-29 16:20:36 | INFO | Collin | Command result: True
2026-09-29 16:20:53 | INFO | Collin | Heard: close Chrome
2026-09-29 16:20:53 | INFO | CollinRuntime | Processing command: close Chrome
2026-09-29 16:20:54 | INFO | CollinRuntime | Command executed successfully.
2026-09-29 16:20:54 | INFO | Collin | Command result: True
2026-09-29 16:21:02 | INFO | Collin | Heard: sleep
2026-09-29 16:21:02 | INFO | CollinRuntime | Collin stopping...
2026-09-29 16:21:02 | INFO | CollinRuntime | Collin stopped.
2026-09-29 16:21:08 | INFO | Collin | Heard: sleep
2026-09-29 16:22:03 | INFO | Collin | Heard: open vs code
2026-09-29 16:22:09 | INFO | Collin | Heard: open vs code
2026-09-29 16:22:15 | INFO | Collin | Heard: awake
2026-09-29 16:22:21 | INFO | Collin | Heard: open Chrome
2026-09-29 16:22:29 | INFO | Collin | Heard: hi calling
2026-09-29 16:22:29 | INFO | WakeListener | Wake phrase detected: hi calling
2026-09-29 16:22:29 | INFO | CollinRuntime | Collin starting...
2026-09-29 16:22:29 | INFO | CollinRuntime | Collin is running.
2026-09-29 16:22:29 | INFO | WakeManager | Collin activated by wake phrase.
2026-09-29 16:22:29 | INFO | Collin | Collin is awake.
2026-09-29 16:22:35 | INFO | Collin | Heard: open vs code
2026-09-29 16:22:35 | INFO | CollinRuntime | Processing command: open vs code
2026-09-29 16:22:37 | INFO | CollinRuntime | Command executed successfully.
2026-09-29 16:22:37 | INFO | Collin | Command result: True
2026-09-29 16:22:46 | INFO | Collin | Heard: close vs
2026-09-29 16:22:46 | INFO | CollinRuntime | Processing command: close vs
2026-09-29 16:22:46 | WARNING | CollinRuntime | Command was not executed.
2026-09-29 16:22:46 | INFO | Collin | Command result: False
2026-09-29 16:22:56 | INFO | Collin | Heard: close vs code
2026-09-29 16:22:56 | INFO | CollinRuntime | Processing command: close vs code
2026-09-29 16:22:56 | WARNING | CollinRuntime | Command was not executed.
2026-09-29 16:22:56 | INFO | Collin | Command result: False
2026-09-29 16:23:01 | INFO | Collin | Heard: click here
2026-09-29 16:23:01 | INFO | CollinRuntime | Processing command: click here
2026-09-29 16:23:01 | INFO | CollinRuntime | Command executed successfully.
2026-09-29 16:23:01 | INFO | Collin | Command result: True
2026-09-29 16:25:09 | INFO | Collin | Heard: Band Karke
2026-09-29 16:25:09 | INFO | CollinRuntime | Processing command: Band Karke
2026-09-29 16:25:09 | WARNING | CollinRuntime | Command was not executed.
2026-09-29 16:25:09 | INFO | Collin | Command result: False
2026-09-29 16:26:05 | INFO | Collin | Heard: learn this
2026-09-29 16:26:05 | INFO | CollinRuntime | Processing command: learn this
2026-09-29 16:26:05 | WARNING | CollinRuntime | Command was not executed.
2026-09-29 16:26:05 | INFO | Collin | Command result: False
2026-09-29 16:26:15 | INFO | Collin | Heard: wake up
2026-09-29 16:26:15 | INFO | CollinRuntime | Processing command: wake up
2026-09-29 16:26:15 | WARNING | CollinRuntime | Command was not executed.
2026-09-29 16:26:15 | INFO | Collin | Command result: False
2026-09-29 16:26:18 | INFO | Collin | Heard: hi calling
2026-09-29 16:26:18 | INFO | CollinRuntime | Processing command: hi calling
2026-09-29 16:26:18 | WARNING | CollinRuntime | Command was not executed.
2026-09-29 16:26:18 | INFO | Collin | Command result: False
2026-09-29 16:26:25 | INFO | Collin | Heard: open Chrome
2026-09-29 16:26:25 | INFO | CollinRuntime | Processing command: open Chrome
2026-09-29 16:26:26 | INFO | CollinRuntime | Command executed successfully.
2026-09-29 16:26:26 | INFO | Collin | Command result: True
2026-09-29 16:26:38 | INFO | Collin | Heard: about chat
2026-09-29 16:26:38 | INFO | CollinRuntime | Processing command: about chat
2026-09-29 16:26:38 | WARNING | CollinRuntime | Command was not executed.
2026-09-29 16:26:38 | INFO | Collin | Command result: False
2026-09-29 16:26:45 | INFO | Collin | Heard: search in Google about chat
2026-09-29 16:26:45 | INFO | CollinRuntime | Processing command: search in Google about chat
2026-09-29 16:26:46 | INFO | CollinRuntime | Command executed successfully.
2026-09-29 16:26:46 | INFO | Collin | Command result: True
2026-09-29 16:27:00 | INFO | Collin | Heard: search chat
2026-09-29 16:27:00 | INFO | CollinRuntime | Processing command: search chat
2026-09-29 16:27:02 | INFO | CollinRuntime | Command executed successfully.
2026-09-29 16:27:02 | INFO | Collin | Command result: True
2026-09-29 16:27:08 | INFO | Collin | Heard: open chat
2026-09-29 16:27:08 | INFO | CollinRuntime | Processing command: open chat
2026-09-29 16:27:08 | WARNING | CollinRuntime | Command was not executed.
2026-09-29 16:27:08 | INFO | Collin | Command result: False
2026-09-29 16:27:15 | INFO | Collin | Heard: click
2026-09-29 16:27:15 | INFO | CollinRuntime | Processing command: click
2026-09-29 16:27:15 | WARNING | CollinRuntime | Command was not executed.
2026-09-29 16:27:15 | INFO | Collin | Command result: False
2026-09-29 16:27:36 | INFO | Collin | Heard: type it
2026-09-29 16:27:36 | INFO | CollinRuntime | Processing command: type it
2026-09-29 16:27:36 | INFO | CollinRuntime | Command executed successfully.
2026-09-29 16:27:36 | INFO | Collin | Command result: True
2026-09-29 16:27:50 | INFO | Collin | Heard: close Chrome
2026-09-29 16:27:50 | INFO | CollinRuntime | Processing command: close Chrome
2026-09-29 16:27:51 | INFO | CollinRuntime | Command executed successfully.
2026-09-29 16:27:51 | INFO | Collin | Command result: True
2026-09-29 16:28:17 | INFO | Collin | Heard: hi calling
2026-09-29 16:28:17 | INFO | CollinRuntime | Processing command: hi calling
2026-09-29 16:28:17 | WARNING | CollinRuntime | Command was not executed.
2026-09-29 16:28:17 | INFO | Collin | Command result: False
2026-09-29 17:04:40 | INFO | Collin | Heard: Kanya Rashi
2026-09-29 17:04:40 | INFO | CollinRuntime | Processing command: Kanya Rashi
2026-09-29 17:04:40 | WARNING | CollinRuntime | Command was not executed.
2026-09-29 17:04:40 | INFO | Collin | Command result: False
2026-09-29 17:14:49 | INFO | Collin | Heard: I am going to Canada for my father
2026-09-29 17:14:49 | INFO | CollinRuntime | Processing command: I am going to Canada for my father
2026-09-29 17:14:49 | WARNING | CollinRuntime | Command was not executed.
2026-09-29 17:14:49 | INFO | Collin | Command result: False
2026-09-29 19:41:27 | INFO | Collin | Heard: Aaj
2026-09-29 19:41:27 | INFO | CollinRuntime | Processing command: Aaj
2026-09-29 19:41:27 | WARNING | CollinRuntime | Command was not executed.
2026-09-29 19:41:27 | INFO | Collin | Command result: False
2026-09-29 20:54:41 | INFO | Collin | Heard: open Chrome
2026-09-29 20:54:41 | INFO | CollinRuntime | Processing command: open Chrome
2026-09-29 20:54:43 | INFO | CollinRuntime | Command executed successfully.
2026-09-29 20:54:43 | INFO | Collin | Command result: True
2026-09-29 20:55:31 | INFO | Collin | Heard: I have one question
2026-09-29 20:55:31 | INFO | CollinRuntime | Processing command: I have one question
2026-09-29 20:55:31 | WARNING | CollinRuntime | Command was not executed.
2026-09-29 20:55:31 | INFO | Collin | Command result: False
2026-09-29 20:55:48 | INFO | Collin | Heard: calling kya kar raha tha Subah calling he calling open Chrome open Chrome
2026-09-29 20:55:48 | INFO | CollinRuntime | Processing command: calling kya kar raha tha Subah calling he calling open Chrome open Chrome
2026-09-29 20:55:48 | WARNING | CollinRuntime | Command was not executed.
2026-09-29 20:55:48 | INFO | Collin | Command result: False
2026-09-29 20:55:52 | INFO | Collin | Heard: open Chrome
2026-09-29 20:55:52 | INFO | CollinRuntime | Processing command: open Chrome
2026-09-29 20:55:54 | INFO | CollinRuntime | Command executed successfully.
2026-09-29 20:55:54 | INFO | Collin | Command result: True
2026-09-29 20:56:02 | INFO | Collin | Heard: search chat
2026-09-29 20:56:02 | INFO | CollinRuntime | Processing command: search chat
2026-09-29 20:56:04 | INFO | CollinRuntime | Command executed successfully.
2026-09-29 20:56:04 | INFO | Collin | Command result: True
2026-09-29 20:56:19 | INFO | Collin | Heard: click here
2026-09-29 20:56:19 | INFO | CollinRuntime | Processing command: click here
2026-09-29 20:56:20 | INFO | CollinRuntime | Command executed successfully.
2026-09-29 20:56:20 | INFO | Collin | Command result: True
2026-09-29 20:56:25 | INFO | Collin | Heard: oh yes very
2026-09-29 20:56:25 | INFO | CollinRuntime | Processing command: oh yes very
2026-09-29 20:56:25 | WARNING | CollinRuntime | Command was not executed.
2026-09-29 20:56:25 | INFO | Collin | Command result: False
2026-09-29 20:56:32 | INFO | Collin | Heard: type
2026-09-29 20:56:32 | INFO | CollinRuntime | Processing command: type
2026-09-29 20:56:32 | WARNING | CollinRuntime | Command was not executed.
2026-09-29 20:56:32 | INFO | Collin | Command result: False
2026-09-29 20:56:37 | INFO | Collin | Heard: Kya chij Kiya voice control Lagaya
2026-09-29 20:56:37 | INFO | CollinRuntime | Processing command: Kya chij Kiya voice control Lagaya
2026-09-29 20:56:37 | WARNING | CollinRuntime | Command was not executed.
2026-09-29 20:56:37 | INFO | Collin | Command result: False
2026-09-29 20:57:00 | INFO | Collin | Heard: app
2026-09-29 20:57:00 | INFO | CollinRuntime | Processing command: app
2026-09-29 20:57:00 | WARNING | CollinRuntime | Command was not executed.
2026-09-29 20:57:00 | INFO | Collin | Command result: False
2026-09-29 20:57:11 | INFO | Collin | Heard: technology or
2026-09-29 20:57:11 | INFO | CollinRuntime | Processing command: technology or
2026-09-29 20:57:11 | WARNING | CollinRuntime | Command was not executed.
2026-09-29 20:57:11 | INFO | Collin | Command result: False
2026-09-29 20:57:19 | INFO | Collin | Heard: tool currently colon is using
2026-09-29 20:57:19 | INFO | CollinRuntime | Processing command: tool currently colon is using
2026-09-29 20:57:19 | WARNING | CollinRuntime | Command was not executed.
2026-09-29 20:57:19 | INFO | Collin | Command result: False
2026-09-29 20:57:22 | INFO | Collin | Heard: my command
2026-09-29 20:57:22 | INFO | CollinRuntime | Processing command: my command
2026-09-29 20:57:22 | WARNING | CollinRuntime | Command was not executed.
2026-09-29 20:57:22 | INFO | Collin | Command result: False
2026-09-29 20:57:29 | INFO | Collin | Heard: it's hearing all everything I said but just
2026-09-29 20:57:29 | INFO | CollinRuntime | Processing command: it's hearing all everything I said but just
2026-09-29 20:57:29 | WARNING | CollinRuntime | Command was not executed.
2026-09-29 20:57:29 | INFO | Collin | Command result: False
2026-09-29 20:58:28 | INFO | Collin | Heard: yaar I was questioning this because if it can hear everything so I don't
2026-09-29 20:58:28 | INFO | CollinRuntime | Processing command: yaar I was questioning this because if it can hear everything so I don't
2026-09-29 20:58:28 | WARNING | CollinRuntime | Command was not executed.
2026-09-29 20:58:28 | INFO | Collin | Command result: False
2026-09-29 20:58:33 | INFO | Collin | Heard: but I want to add Gemini life caption
2026-09-29 20:58:33 | INFO | CollinRuntime | Processing command: but I want to add Gemini life caption
2026-09-29 20:58:33 | WARNING | CollinRuntime | Command was not executed.
2026-09-29 20:58:33 | INFO | Collin | Command result: False
2026-09-29 20:58:36 | INFO | Collin | Heard: responding late
2026-09-29 20:58:36 | INFO | CollinRuntime | Processing command: responding late
2026-09-29 20:58:36 | WARNING | CollinRuntime | Command was not executed.
2026-09-29 20:58:36 | INFO | Collin | Command result: False
2026-09-29 20:58:41 | INFO | Collin | Heard: and sometime cuts the Har
2026-09-29 20:58:41 | INFO | CollinRuntime | Processing command: and sometime cuts the Har
2026-09-29 20:58:41 | WARNING | CollinRuntime | Command was not executed.
2026-09-29 20:58:41 | INFO | Collin | Command result: False
2026-09-29 20:59:00 | INFO | Collin | Heard: it is not currently again responding to the phrases in text form
2026-09-29 20:59:00 | INFO | CollinRuntime | Processing command: it is not currently again responding to the phrases in text form
2026-09-29 20:59:00 | WARNING | CollinRuntime | Command was not executed.
2026-09-29 20:59:00 | INFO | Collin | Command result: False
2026-09-29 20:59:05 | INFO | Collin | Heard: I will put phrases I will do
2026-09-29 20:59:05 | INFO | CollinRuntime | Processing command: I will put phrases I will do
2026-09-29 20:59:05 | WARNING | CollinRuntime | Command was not executed.
2026-09-29 20:59:05 | INFO | Collin | Command result: False
2026-09-29 20:59:14 | INFO | Collin | Heard: overwrite phrases without space between or second option is just
2026-09-29 20:59:14 | INFO | CollinRuntime | Processing command: overwrite phrases without space between or second option is just
2026-09-29 20:59:14 | WARNING | CollinRuntime | Command was not executed.
2026-09-29 20:59:14 | INFO | Collin | Command result: False
2026-09-29 20:59:20 | INFO | Collin | Heard: sleep learn it is
2026-09-29 20:59:20 | INFO | CollinRuntime | Processing command: sleep learn it is
2026-09-29 20:59:20 | WARNING | CollinRuntime | Command was not executed.
2026-09-29 20:59:20 | INFO | Collin | Command result: False
2026-09-29 21:00:23 | INFO | Collin | Heard: I will use Gemini life captions and
2026-09-29 21:00:23 | INFO | CollinRuntime | Processing command: I will use Gemini life captions and
2026-09-29 21:00:23 | WARNING | CollinRuntime | Command was not executed.
2026-09-29 21:00:23 | INFO | Collin | Command result: False
2026-09-29 21:00:31 | INFO | Collin | Heard: speech recognition for others just keep it for high
2026-09-29 21:00:31 | INFO | CollinRuntime | Processing command: speech recognition for others just keep it for high
2026-09-29 21:00:31 | WARNING | CollinRuntime | Command was not executed.
2026-09-29 21:00:31 | INFO | Collin | Command result: False
2026-09-29 21:00:40 | INFO | Collin | Heard: second thing it is not responding to the phrases
2026-09-29 21:00:40 | INFO | CollinRuntime | Processing command: second thing it is not responding to the phrases
2026-09-29 21:00:40 | WARNING | CollinRuntime | Command was not executed.
2026-09-29 21:00:40 | INFO | Collin | Command result: False
2026-09-29 21:00:48 | INFO | Collin | Heard: how to use the faces without space or just ask from
2026-09-29 21:00:48 | INFO | CollinRuntime | Processing command: how to use the faces without space or just ask from
2026-09-29 21:00:48 | WARNING | CollinRuntime | Command was not executed.
2026-09-29 21:00:48 | INFO | Collin | Command result: False
2026-09-29 21:00:56 | INFO | Collin | Heard: and that will be the written text command
2026-09-29 21:00:56 | INFO | CollinRuntime | Processing command: and that will be the written text command
2026-09-29 21:00:56 | WARNING | CollinRuntime | Command was not executed.
2026-09-29 21:00:56 | INFO | Collin | Command result: False
2026-09-29 21:01:00 | INFO | Collin | Heard: there will be
2026-09-29 21:01:00 | INFO | CollinRuntime | Processing command: there will be
2026-09-29 21:01:00 | WARNING | CollinRuntime | Command was not executed.
2026-09-29 21:01:00 | INFO | Collin | Command result: False
2026-09-29 21:01:03 | INFO | Collin | Heard: anything in that
2026-09-29 21:01:03 | INFO | CollinRuntime | Processing command: anything in that
2026-09-29 21:01:03 | WARNING | CollinRuntime | Command was not executed.
2026-09-29 21:01:03 | INFO | Collin | Command result: False
2026-09-29 21:01:07 | INFO | Collin | Heard: I don't mind for the
2026-09-29 21:01:07 | INFO | CollinRuntime | Processing command: I don't mind for the
2026-09-29 21:01:07 | WARNING | CollinRuntime | Command was not executed.
2026-09-29 21:01:07 | INFO | Collin | Command result: False
2026-09-29 21:01:12 | INFO | Collin | Heard: one thing
2026-09-29 21:01:12 | INFO | CollinRuntime | Processing command: one thing
2026-09-29 21:01:12 | WARNING | CollinRuntime | Command was not executed.
2026-09-29 21:01:12 | INFO | Collin | Command result: False
2026-09-29 21:01:16 | INFO | Collin | Heard: something I ask
2026-09-29 21:01:16 | INFO | CollinRuntime | Processing command: something I ask
2026-09-29 21:01:16 | WARNING | CollinRuntime | Command was not executed.
2026-09-29 21:01:16 | INFO | Collin | Command result: False
2026-09-29 21:01:21 | INFO | Collin | Heard: they will become the text command as
2026-09-29 21:01:21 | INFO | CollinRuntime | Processing command: they will become the text command as
2026-09-29 21:01:21 | WARNING | CollinRuntime | Command was not executed.
2026-09-29 21:01:21 | INFO | Collin | Command result: False
2026-09-29 21:01:25 | INFO | Collin | Heard: got my point
2026-09-29 21:01:25 | INFO | CollinRuntime | Processing command: got my point
2026-09-29 21:01:25 | WARNING | CollinRuntime | Command was not executed.
2026-09-29 21:01:25 | INFO | Collin | Command result: False
2026-09-29 21:01:31 | INFO | Collin | Heard: speaking by voice but in Gemini life captions
2026-09-29 21:01:31 | INFO | CollinRuntime | Processing command: speaking by voice but in Gemini life captions
2026-09-29 21:01:31 | WARNING | CollinRuntime | Command was not executed.
2026-09-29 21:01:31 | INFO | Collin | Command result: False
2026-09-29 21:02:12 | INFO | Collin | Heard: currently
2026-09-29 21:02:12 | INFO | CollinRuntime | Processing command: currently
2026-09-29 21:02:12 | WARNING | CollinRuntime | Command was not executed.
2026-09-29 21:02:12 | INFO | Collin | Command result: False
2026-09-29 21:02:20 | INFO | Collin | Heard: voice mean that I haven't integrated Gemini life currently
2026-09-29 21:02:20 | INFO | CollinRuntime | Processing command: voice mean that I haven't integrated Gemini life currently
2026-09-29 21:02:20 | WARNING | CollinRuntime | Command was not executed.
2026-09-29 21:02:20 | INFO | Collin | Command result: False
2026-09-29 21:02:24 | INFO | Collin | Heard: is responding to click this
2026-09-29 21:02:24 | INFO | CollinRuntime | Processing command: is responding to click this
2026-09-29 21:02:24 | WARNING | CollinRuntime | Command was not executed.
2026-09-29 21:02:24 | INFO | Collin | Command result: False
2026-09-29 21:02:28 | INFO | Collin | Heard: search
2026-09-29 21:02:28 | INFO | CollinRuntime | Processing command: search
2026-09-29 21:02:28 | WARNING | CollinRuntime | Command was not executed.
2026-09-29 21:02:28 | INFO | Collin | Command result: False
2026-09-29 21:02:35 | INFO | Collin | Heard: if I say search anything so it's such a directly
2026-09-29 21:02:35 | INFO | CollinRuntime | Processing command: if I say search anything so it's such a directly
2026-09-29 21:02:35 | WARNING | CollinRuntime | Command was not executed.
2026-09-29 21:02:35 | INFO | Collin | Command result: False
2026-09-29 21:02:38 | INFO | Collin | Heard: open Chrome
2026-09-29 21:02:38 | INFO | CollinRuntime | Processing command: open Chrome
2026-09-29 21:02:39 | INFO | CollinRuntime | Command executed successfully.
2026-09-29 21:02:39 | INFO | Collin | Command result: True
2026-09-29 21:02:45 | INFO | Collin | Heard: everything bike
2026-09-29 21:02:45 | INFO | CollinRuntime | Processing command: everything bike
2026-09-29 21:02:45 | WARNING | CollinRuntime | Command was not executed.
2026-09-29 21:02:45 | INFO | Collin | Command result: False
2026-09-29 21:02:53 | INFO | Collin | Heard: everything works
2026-09-29 21:02:53 | INFO | CollinRuntime | Processing command: everything works
2026-09-29 21:02:53 | WARNING | CollinRuntime | Command was not executed.
2026-09-29 21:02:53 | INFO | Collin | Command result: False
2026-09-29 21:02:59 | INFO | Collin | Heard: open Chrome command is now
2026-09-29 21:02:59 | INFO | CollinRuntime | Processing command: open Chrome command is now
2026-09-29 21:03:00 | INFO | CollinRuntime | Command executed successfully.
2026-09-29 21:03:00 | INFO | Collin | Command result: True
2026-09-29 21:03:17 | INFO | Collin | Heard: in this prompt I have used that command twice and
2026-09-29 21:03:17 | INFO | CollinRuntime | Processing command: in this prompt I have used that command twice and
2026-09-29 21:03:17 | WARNING | CollinRuntime | Command was not executed.
2026-09-29 21:03:17 | INFO | Collin | Command result: False
2026-09-29 21:04:19 | INFO | Collin | Heard: add 10 geminal mostly commands become database become
2026-09-29 21:04:19 | INFO | CollinRuntime | Processing command: add 10 geminal mostly commands become database become
2026-09-29 21:04:19 | WARNING | CollinRuntime | Command was not executed.
2026-09-29 21:04:19 | INFO | Collin | Command result: False
2026-09-29 21:04:27 | INFO | Collin | Heard: now I think so
2026-09-29 21:04:27 | INFO | CollinRuntime | Processing command: now I think so
2026-09-29 21:04:27 | WARNING | CollinRuntime | Command was not executed.
2026-09-29 21:04:27 | INFO | Collin | Command result: False
2026-09-29 21:04:31 | INFO | Collin | Heard: 20 commands to be activate
2026-09-29 21:04:31 | INFO | CollinRuntime | Processing command: 20 commands to be activate
2026-09-29 21:04:31 | WARNING | CollinRuntime | Command was not executed.
2026-09-29 21:04:31 | INFO | Collin | Command result: False
2026-09-29 21:04:43 | INFO | Collin | Heard: commands because I want to make him learn
2026-09-29 21:04:43 | INFO | CollinRuntime | Processing command: commands because I want to make him learn
2026-09-29 21:04:43 | WARNING | CollinRuntime | Command was not executed.
2026-09-29 21:04:43 | INFO | Collin | Command result: False
2026-09-29 21:04:47 | INFO | Collin | Heard: so I will start with
2026-09-29 21:04:47 | INFO | CollinRuntime | Processing command: so I will start with
2026-09-29 21:04:47 | WARNING | CollinRuntime | Command was not executed.
2026-09-29 21:04:47 | INFO | Collin | Command result: False
2026-09-29 21:04:50 | INFO | Collin | Heard: then I will say
2026-09-29 21:04:50 | INFO | CollinRuntime | Processing command: then I will say
2026-09-29 21:04:50 | WARNING | CollinRuntime | Command was not executed.
2026-09-29 21:04:50 | INFO | Collin | Command result: False
2026-09-29 21:04:57 | INFO | Collin | Heard: then I will
2026-09-29 21:04:57 | INFO | CollinRuntime | Processing command: then I will
2026-09-29 21:04:57 | WARNING | CollinRuntime | Command was not executed.
2026-09-29 21:04:57 | INFO | Collin | Command result: False
2026-09-29 21:05:07 | INFO | Collin | Heard: I will say that
2026-09-29 21:05:07 | INFO | CollinRuntime | Processing command: I will say that
2026-09-29 21:05:07 | WARNING | CollinRuntime | Command was not executed.
2026-09-29 21:05:07 | INFO | Collin | Command result: False
2026-09-29 21:05:17 | INFO | Collin | Heard: then I will take the cursor to the ask Gemini area and say click it
2026-09-29 21:05:17 | INFO | CollinRuntime | Processing command: then I will take the cursor to the ask Gemini area and say click it
2026-09-29 21:05:17 | WARNING | CollinRuntime | Command was not executed.
2026-09-29 21:05:17 | INFO | Collin | Command result: False
2026-09-29 21:05:26 | INFO | Collin | Heard: in the caption area I will go then I will say click it then I will say this
2026-09-29 21:05:26 | INFO | CollinRuntime | Processing command: in the caption area I will go then I will say click it then I will say this
2026-09-29 21:05:26 | WARNING | CollinRuntime | Command was not executed.
2026-09-29 21:05:26 | INFO | Collin | Command result: False
2026-09-29 21:05:29 | INFO | Collin | Heard: Gemini life
2026-09-29 21:05:29 | INFO | CollinRuntime | Processing command: Gemini life
2026-09-29 21:05:29 | WARNING | CollinRuntime | Command was not executed.
2026-09-29 21:05:29 | INFO | Collin | Command result: False
2026-09-29 21:05:34 | INFO | Collin | Heard: then I will say stop learning
2026-09-29 21:05:34 | INFO | CollinRuntime | Processing command: then I will say stop learning
2026-09-29 21:05:34 | WARNING | CollinRuntime | Command was not executed.
2026-09-29 21:05:34 | INFO | Collin | Command result: False
2026-09-29 21:05:45 | INFO | Collin | Heard: then I will add that kam will me command will be
2026-09-29 21:05:45 | INFO | CollinRuntime | Processing command: then I will add that kam will me command will be
2026-09-29 21:05:45 | WARNING | CollinRuntime | Command was not executed.
2026-09-29 21:05:45 | INFO | Collin | Command result: False
2026-09-29 21:05:49 | INFO | Collin | Heard: after
2026-09-29 21:05:49 | INFO | CollinRuntime | Processing command: after
2026-09-29 21:05:49 | WARNING | CollinRuntime | Command was not executed.
2026-09-29 21:05:49 | INFO | Collin | Command result: False
2026-09-29 21:05:56 | INFO | Collin | Heard: stop lending first I will say through this you can
2026-09-29 21:05:56 | INFO | CollinRuntime | Processing command: stop lending first I will say through this you can
2026-09-29 21:05:56 | WARNING | CollinRuntime | Command was not executed.
2026-09-29 21:05:56 | INFO | Collin | Command result: False
2026-09-29 21:06:05 | INFO | Collin | Heard: you can hear me by when I say hi calling and
2026-09-29 21:06:05 | INFO | CollinRuntime | Processing command: you can hear me by when I say hi calling and
2026-09-29 21:06:05 | WARNING | CollinRuntime | Command was not executed.
2026-09-29 21:06:05 | INFO | Collin | Command result: False
2026-09-29 21:06:09 | INFO | Collin | Heard: open this captions and
2026-09-29 21:06:09 | INFO | CollinRuntime | Processing command: open this captions and
2026-09-29 21:06:09 | WARNING | CollinRuntime | Command was not executed.
2026-09-29 21:06:09 | INFO | Collin | Command result: False
2026-09-29 21:06:17 | INFO | Collin | Heard: let's test
2026-09-29 21:06:17 | INFO | CollinRuntime | Processing command: let's test
2026-09-29 21:06:17 | WARNING | CollinRuntime | Command was not executed.
2026-09-29 21:06:17 | INFO | Collin | Command result: False
2026-09-29 21:06:21 | INFO | Collin | Heard: search 4 GB
2026-09-29 21:06:21 | INFO | CollinRuntime | Processing command: search 4 GB
2026-09-29 21:06:23 | INFO | CollinRuntime | Command executed successfully.
2026-09-29 21:06:23 | INFO | Collin | Command result: True
2026-09-29 21:06:27 | INFO | Collin | Heard: it will
2026-09-29 21:06:27 | INFO | CollinRuntime | Processing command: it will
2026-09-29 21:06:27 | WARNING | CollinRuntime | Command was not executed.
2026-09-29 21:06:27 | INFO | Collin | Command result: False
2026-09-29 21:06:31 | INFO | Collin | Heard: it will
2026-09-29 21:06:31 | INFO | CollinRuntime | Processing command: it will
2026-09-29 21:06:31 | WARNING | CollinRuntime | Command was not executed.
2026-09-29 21:06:31 | INFO | Collin | Command result: False
2026-09-29 21:06:35 | INFO | Collin | Heard: can you please vitamin
2026-09-29 21:06:35 | INFO | CollinRuntime | Processing command: can you please vitamin
2026-09-29 21:06:35 | WARNING | CollinRuntime | Command was not executed.
2026-09-29 21:06:35 | INFO | Collin | Command result: False
2026-09-29 21:06:41 | INFO | Collin | Heard: can you please wait a minute I want to make call
2026-09-29 21:06:41 | INFO | CollinRuntime | Processing command: can you please wait a minute I want to make call
2026-09-29 21:06:41 | WARNING | CollinRuntime | Command was not executed.
2026-09-29 21:06:41 | INFO | Collin | Command result: False
2026-09-29 21:06:54 | INFO | Collin | Heard: ok now he sleep now you should talk I will say search
2026-09-29 21:06:54 | INFO | CollinRuntime | Processing command: ok now he sleep now you should talk I will say search
2026-09-29 21:06:54 | WARNING | CollinRuntime | Command was not executed.
2026-09-29 21:06:54 | INFO | Collin | Command result: False
2026-09-29 21:06:58 | INFO | Collin | Heard: set command through Gemini live
2026-09-29 21:06:58 | INFO | CollinRuntime | Processing command: set command through Gemini live
2026-09-29 21:06:58 | WARNING | CollinRuntime | Command was not executed.
2026-09-29 21:06:58 | INFO | Collin | Command result: False
2026-09-29 21:07:08 | INFO | Collin | Heard: go to the database first I will write one from invite of him that will
2026-09-29 21:07:08 | INFO | CollinRuntime | Processing command: go to the database first I will write one from invite of him that will
2026-09-29 21:07:10 | INFO | CollinRuntime | Command executed successfully.
2026-09-29 21:07:10 | INFO | Collin | Command result: True
2026-09-29 21:07:24 | INFO | Collin | Heard: I will first I will mean
2026-09-29 21:07:24 | INFO | CollinRuntime | Processing command: I will first I will mean
2026-09-29 21:07:24 | WARNING | CollinRuntime | Command was not executed.
2026-09-29 21:07:24 | INFO | Collin | Command result: False
2026-09-29 21:07:27 | INFO | Collin | Heard: I will say cricket
2026-09-29 21:07:27 | INFO | CollinRuntime | Processing command: I will say cricket
2026-09-29 21:07:27 | WARNING | CollinRuntime | Command was not executed.
2026-09-29 21:07:27 | INFO | Collin | Command result: False
2026-09-29 21:07:34 | INFO | Collin | Heard: create I will go to create new I will check like it
2026-09-29 21:07:34 | INFO | CollinRuntime | Processing command: create I will go to create new I will check like it
2026-09-29 21:07:34 | WARNING | CollinRuntime | Command was not executed.
2026-09-29 21:07:34 | INFO | Collin | Command result: False
2026-09-29 21:07:44 | INFO | Collin | Heard: so I will go to the text area with paste
2026-09-29 21:07:44 | INFO | CollinRuntime | Processing command: so I will go to the text area with paste
2026-09-29 21:07:44 | WARNING | CollinRuntime | Command was not executed.
2026-09-29 21:07:44 | INFO | Collin | Command result: False
2026-09-29 21:07:49 | INFO | Collin | Heard: I will go to the sand area I will say
2026-09-29 21:07:49 | INFO | CollinRuntime | Processing command: I will go to the sand area I will say
2026-09-29 21:07:49 | WARNING | CollinRuntime | Command was not executed.
2026-09-29 21:07:49 | INFO | Collin | Command result: False
2026-09-29 21:07:58 | INFO | Collin | Heard: or I will set click it so it will send then after that I will say
2026-09-29 21:07:58 | INFO | CollinRuntime | Processing command: or I will set click it so it will send then after that I will say
2026-09-29 21:07:58 | WARNING | CollinRuntime | Command was not executed.
2026-09-29 21:07:58 | INFO | Collin | Command result: False
2026-09-29 21:08:02 | INFO | Collin | Heard: right here in the text
2026-09-29 21:08:02 | INFO | CollinRuntime | Processing command: right here in the text
2026-09-29 21:08:02 | WARNING | CollinRuntime | Command was not executed.
2026-09-29 21:08:02 | INFO | Collin | Command result: False
2026-09-29 21:08:11 | INFO | Collin | Heard: write that intext form the child ability will convert it into save it
2026-09-29 21:08:11 | INFO | CollinRuntime | Processing command: write that intext form the child ability will convert it into save it
2026-09-29 21:08:12 | ERROR | Collin | Voice runtime error.
Traceback (most recent call last):
  File "C:\Users\Dell\Downloads\collin\main.py", line 89, in start
    self.log(f"Voice error: {exc}")
  File "C:\Users\Dell\Downloads\collin\core\runtime.py", line 106, in process_command
    result = self.command_engine.process(command)
             ^^^^^^^^^^^^^^^^^^^^^^^^^^^^^^^^^^^^
  File "C:\Users\Dell\Downloads\collin\core\command_engine.py", line 29, in process
    return self.executor.execute(intent)
           ^^^^^^^^^^^^^^^^^^^^^^^^^^^^^
  File "C:\Users\Dell\Downloads\collin\execution\executor.py", line 49, in execute
    return self._type(intent.value)
           ^^^^^^^^^^^^^^^^^^^^^^^^
  File "C:\Users\Dell\Downloads\collin\execution\executor.py", line 140, in _type
    self.keyboard.type_text(value)
  File "C:\Users\Dell\Downloads\collin\computer\keyboard.py", line 37, in type_text
    self.keyboard.write(
  File "C:\Users\Dell\AppData\Local\Programs\Python\Python312\Lib\site-packages\pyautogui\__init__.py", line 594, in wrapper
    returnVal = wrappedFunction(*args, **kwargs)
                ^^^^^^^^^^^^^^^^^^^^^^^^^^^^^^^^
  File "C:\Users\Dell\AppData\Local\Programs\Python\Python312\Lib\site-packages\pyautogui\__init__.py", line 1685, in typewrite
    press(c, _pause=False)
  File "C:\Users\Dell\AppData\Local\Programs\Python\Python312\Lib\site-packages\pyautogui\__init__.py", line 594, in wrapper
    returnVal = wrappedFunction(*args, **kwargs)
                ^^^^^^^^^^^^^^^^^^^^^^^^^^^^^^^^
  File "C:\Users\Dell\AppData\Local\Programs\Python\Python312\Lib\site-packages\pyautogui\__init__.py", line 1613, in press
    failSafeCheck()
  File "C:\Users\Dell\AppData\Local\Programs\Python\Python312\Lib\site-packages\pyautogui\__init__.py", line 1734, in failSafeCheck
    raise FailSafeException(
pyautogui.FailSafeException: PyAutoGUI fail-safe triggered from mouse moving to a corner of the screen. To disable this fail-safe, set pyautogui.FAILSAFE to False. DISABLING FAIL-SAFE IS NOT RECOMMENDED.
2026-09-29 21:08:34 | INFO | Collin | Heard: come back with
2026-09-29 21:08:34 | INFO | CollinRuntime | Processing command: come back with
2026-09-29 21:08:34 | WARNING | CollinRuntime | Command was not executed.
2026-09-29 21:08:34 | INFO | Collin | Command result: False
2026-09-29 21:08:37 | INFO | Collin | Heard: I will say
2026-09-29 21:08:37 | INFO | CollinRuntime | Processing command: I will say
2026-09-29 21:08:37 | WARNING | CollinRuntime | Command was not executed.
2026-09-29 21:08:37 | INFO | Collin | Command result: False
2026-09-29 21:08:45 | INFO | Collin | Heard: when I will again go through the dead cell delivery procedure and
2026-09-29 21:08:45 | INFO | CollinRuntime | Processing command: when I will again go through the dead cell delivery procedure and
2026-09-29 21:08:45 | WARNING | CollinRuntime | Command was not executed.
2026-09-29 21:08:45 | INFO | Collin | Command result: False
2026-09-29 21:08:48 | INFO | Collin | Heard: learn how to
2026-09-29 21:08:48 | INFO | CollinRuntime | Processing command: learn how to
2026-09-29 21:08:48 | WARNING | CollinRuntime | Command was not executed.
2026-09-29 21:08:48 | INFO | Collin | Command result: False
2026-09-29 21:10:46 | INFO | Collin | Heard: and no no no no no no
2026-09-29 21:10:46 | INFO | CollinRuntime | Processing command: and no no no no no no
2026-09-29 21:10:46 | WARNING | CollinRuntime | Command was not executed.
2026-09-29 21:10:46 | INFO | Collin | Command result: False
2026-09-29 21:10:51 | INFO | Collin | Heard: see what commands are
2026-09-29 21:10:51 | INFO | CollinRuntime | Processing command: see what commands are
2026-09-29 21:10:51 | WARNING | CollinRuntime | Command was not executed.
2026-09-29 21:10:51 | INFO | Collin | Command result: False
2026-09-29 21:10:59 | INFO | Collin | Heard: is he responding to this command that
2026-09-29 21:10:59 | INFO | CollinRuntime | Processing command: is he responding to this command that
2026-09-29 21:10:59 | WARNING | CollinRuntime | Command was not executed.
2026-09-29 21:10:59 | INFO | Collin | Command result: False
2026-09-29 21:11:07 | INFO | Collin | Heard: and also is he responding to the search chat GPT command
2026-09-29 21:11:07 | INFO | CollinRuntime | Processing command: and also is he responding to the search chat GPT command
2026-09-29 21:11:07 | WARNING | CollinRuntime | Command was not executed.
2026-09-29 21:11:07 | INFO | Collin | Command result: False
2026-09-29 21:11:12 | INFO | Collin | Heard: next time first I will say first charge
2026-09-29 21:11:12 | INFO | CollinRuntime | Processing command: next time first I will say first charge
2026-09-29 21:11:12 | WARNING | CollinRuntime | Command was not executed.
2026-09-29 21:11:12 | INFO | Collin | Command result: False
2026-09-29 21:11:23 | INFO | Collin | Heard: in the Chrome then opening it
2026-09-29 21:11:23 | INFO | CollinRuntime | Processing command: in the Chrome then opening it
2026-09-29 21:11:23 | WARNING | CollinRuntime | Command was not executed.
2026-09-29 21:11:23 | INFO | Collin | Command result: False
2026-09-29 21:11:27 | INFO | Collin | Heard: so first let
2026-09-29 21:11:27 | INFO | CollinRuntime | Processing command: so first let
2026-09-29 21:11:27 | WARNING | CollinRuntime | Command was not executed.
2026-09-29 21:11:27 | INFO | Collin | Command result: False
2026-09-29 21:11:34 | INFO | Collin | Heard: which command is responding and which we need to add before enabling the Gemini
2026-09-29 21:11:34 | INFO | CollinRuntime | Processing command: which command is responding and which we need to add before enabling the Gemini
2026-09-29 21:11:34 | WARNING | CollinRuntime | Command was not executed.
2026-09-29 21:11:34 | INFO | Collin | Command result: False
2026-09-29 21:13:13 | INFO | Collin | Heard: ok ok
2026-09-29 21:13:13 | INFO | CollinRuntime | Processing command: ok ok
2026-09-29 21:13:13 | WARNING | CollinRuntime | Command was not executed.
2026-09-29 21:13:13 | INFO | Collin | Command result: False
2026-09-29 21:13:18 | INFO | Collin | Heard: we will make it easy for
2026-09-29 21:13:18 | INFO | CollinRuntime | Processing command: we will make it easy for
2026-09-29 21:13:18 | WARNING | CollinRuntime | Command was not executed.
2026-09-29 21:13:18 | INFO | Collin | Command result: False
2026-09-29 21:13:31 | INFO | Collin | Heard: calling mean I will add the command open judgements of such a
2026-09-29 21:13:31 | INFO | CollinRuntime | Processing command: calling mean I will add the command open judgements of such a
2026-09-29 21:13:31 | WARNING | CollinRuntime | Command was not executed.
2026-09-29 21:13:31 | INFO | Collin | Command result: False
2026-09-29 21:13:35 | INFO | Collin | Heard: search GPT
2026-09-29 21:13:35 | INFO | CollinRuntime | Processing command: search GPT
2026-09-29 21:13:37 | INFO | CollinRuntime | Command executed successfully.
2026-09-29 21:13:37 | INFO | Collin | Command result: True
2026-09-29 21:13:47 | INFO | Collin | Heard: I say open chat GPT so
2026-09-29 21:13:47 | INFO | CollinRuntime | Processing command: I say open chat GPT so
2026-09-29 21:13:47 | WARNING | CollinRuntime | Command was not executed.
2026-09-29 21:13:47 | INFO | Collin | Command result: False
2026-09-29 21:13:52 | INFO | Collin | Heard: it's vs cold we will
2026-09-29 21:13:52 | INFO | CollinRuntime | Processing command: it's vs cold we will
2026-09-29 21:13:52 | WARNING | CollinRuntime | Command was not executed.
2026-09-29 21:13:52 | INFO | Collin | Command result: False
2026-09-29 21:14:00 | INFO | Collin | Heard: project we will add that these commands mean open the charge of
2026-09-29 21:14:00 | INFO | CollinRuntime | Processing command: project we will add that these commands mean open the charge of
2026-09-29 21:14:00 | WARNING | CollinRuntime | Command was not executed.
2026-09-29 21:14:00 | INFO | Collin | Command result: False
2026-09-29 21:15:13 | INFO | Collin | Heard: search 4G
2026-09-29 21:15:13 | INFO | CollinRuntime | Processing command: search 4G
2026-09-29 21:15:15 | INFO | CollinRuntime | Command executed successfully.
2026-09-29 21:15:15 | INFO | Collin | Command result: True
2026-09-29 21:15:27 | INFO | Collin | Heard: click here
2026-09-29 21:15:27 | INFO | CollinRuntime | Processing command: click here
2026-09-29 21:15:27 | INFO | CollinRuntime | Command executed successfully.
2026-09-29 21:15:27 | INFO | Collin | Command result: True
2026-09-29 21:15:33 | INFO | Collin | Heard: type I
2026-09-29 21:15:33 | INFO | CollinRuntime | Processing command: type I
2026-09-29 21:15:33 | INFO | CollinRuntime | Command executed successfully.
2026-09-29 21:15:33 | INFO | Collin | Command result: True
2026-09-29 21:15:41 | INFO | Collin | Heard: send send
2026-09-29 21:15:41 | INFO | CollinRuntime | Processing command: send send
2026-09-29 21:15:41 | WARNING | CollinRuntime | Command was not executed.
2026-09-29 21:15:41 | INFO | Collin | Command result: False
2026-09-29 21:15:59 | INFO | Collin | Heard: paste paste it
2026-09-29 21:15:59 | INFO | CollinRuntime | Processing command: paste paste it
2026-09-29 21:15:59 | WARNING | CollinRuntime | Command was not executed.
2026-09-29 21:15:59 | INFO | Collin | Command result: False
2026-09-29 21:16:03 | INFO | Collin | Heard: paste it
2026-09-29 21:16:03 | INFO | CollinRuntime | Processing command: paste it
2026-09-29 21:16:03 | WARNING | CollinRuntime | Command was not executed.
2026-09-29 21:16:03 | INFO | Collin | Command result: False
2026-09-29 21:16:13 | INFO | Collin | Heard: copied
2026-09-29 21:16:13 | INFO | CollinRuntime | Processing command: copied
2026-09-29 21:16:13 | WARNING | CollinRuntime | Command was not executed.
2026-09-29 21:16:13 | INFO | Collin | Command result: False
2026-09-29 21:16:43 | INFO | Collin | Heard: currently we need to add some currently we need towards some commands
2026-09-29 21:16:43 | INFO | CollinRuntime | Processing command: currently we need to add some currently we need towards some commands
2026-09-29 21:16:43 | WARNING | CollinRuntime | Command was not executed.
2026-09-29 21:16:43 | INFO | Collin | Command result: False
2026-09-29 21:16:50 | INFO | Collin | Heard: play kit is available yes we need commands one is
2026-09-29 21:16:50 | INFO | CollinRuntime | Processing command: play kit is available yes we need commands one is
2026-09-29 21:16:50 | WARNING | CollinRuntime | Command was not executed.
2026-09-29 21:16:50 | INFO | Collin | Command result: False
2026-09-29 21:16:53 | INFO | Collin | Heard: pasted
2026-09-29 21:16:53 | INFO | CollinRuntime | Processing command: pasted
2026-09-29 21:16:53 | WARNING | CollinRuntime | Command was not executed.
2026-09-29 21:16:53 | INFO | Collin | Command result: False
2026-09-29 21:17:01 | INFO | Collin | Heard: type means that you have to type it right things I am
2026-09-29 21:17:01 | INFO | CollinRuntime | Processing command: type means that you have to type it right things I am
2026-09-29 21:17:02 | INFO | CollinRuntime | Command executed successfully.
2026-09-29 21:17:02 | INFO | Collin | Command result: True
2026-09-29 21:17:22 | INFO | Collin | Heard: other commands we need is
2026-09-29 21:17:22 | INFO | CollinRuntime | Processing command: other commands we need is
2026-09-29 21:17:22 | WARNING | CollinRuntime | Command was not executed.
2026-09-29 21:17:22 | INFO | Collin | Command result: False
2026-09-29 21:17:34 | INFO | Collin | Heard: mean I mean I select something that
2026-09-29 21:17:34 | INFO | CollinRuntime | Processing command: mean I mean I select something that
2026-09-29 21:17:34 | WARNING | CollinRuntime | Command was not executed.
2026-09-29 21:17:34 | INFO | Collin | Command result: False
2026-09-29 21:17:45 | INFO | Collin | Heard: and send it
2026-09-29 21:17:45 | INFO | CollinRuntime | Processing command: and send it
2026-09-29 21:17:45 | WARNING | CollinRuntime | Command was not executed.
2026-09-29 21:17:45 | INFO | Collin | Command result: False
2026-09-29 21:18:00 | INFO | Collin | Heard: send it will work only send
2026-09-29 21:18:00 | INFO | CollinRuntime | Processing command: send it will work only send
2026-09-29 21:18:00 | WARNING | CollinRuntime | Command was not executed.
2026-09-29 21:18:00 | INFO | Collin | Command result: False
2026-09-29 21:18:06 | INFO | Collin | Heard: what does what enter key
2026-09-29 21:18:06 | INFO | CollinRuntime | Processing command: what does what enter key
2026-09-29 21:18:06 | WARNING | CollinRuntime | Command was not executed.
2026-09-29 21:18:06 | INFO | Collin | Command result: False
2026-09-29 21:18:09 | INFO | Collin | Heard: ki do
2026-09-29 21:18:09 | INFO | CollinRuntime | Processing command: ki do
2026-09-29 21:18:09 | WARNING | CollinRuntime | Command was not executed.
2026-09-29 21:18:09 | INFO | Collin | Command result: False
2026-09-29 21:18:13 | INFO | Collin | Heard: it will do the exact
2026-09-29 21:18:13 | INFO | CollinRuntime | Processing command: it will do the exact
2026-09-29 21:18:13 | WARNING | CollinRuntime | Command was not executed.
2026-09-29 21:18:13 | INFO | Collin | Command result: False
2026-09-29 21:18:21 | INFO | Collin | Heard: open chat gptc and
2026-09-29 21:18:21 | INFO | CollinRuntime | Processing command: open chat gptc and
2026-09-29 21:18:21 | WARNING | CollinRuntime | Command was not executed.
2026-09-29 21:18:21 | INFO | Collin | Command result: False
2026-09-29 21:18:34 | INFO | Collin | Heard: open vs open vs code open Visual Studio open browser mean also Chrome
2026-09-29 21:18:34 | INFO | CollinRuntime | Processing command: open vs open vs code open Visual Studio open browser mean also Chrome
2026-09-29 21:18:35 | INFO | CollinRuntime | Command executed successfully.
2026-09-29 21:18:35 | INFO | Collin | Command result: True
2026-09-29 21:18:48 | INFO | Collin | Heard: Siri stop learning when you have learnt write it here in the text
2026-09-29 21:18:48 | INFO | CollinRuntime | Processing command: Siri stop learning when you have learnt write it here in the text
2026-09-29 21:18:48 | WARNING | CollinRuntime | Command was not executed.
2026-09-29 21:18:48 | INFO | Collin | Command result: False
2026-09-29 21:18:54 | INFO | Collin | Heard: in the text effects textbooks
2026-09-29 21:18:54 | INFO | CollinRuntime | Processing command: in the text effects textbooks
2026-09-29 21:18:54 | WARNING | CollinRuntime | Command was not executed.
2026-09-29 21:18:54 | INFO | Collin | Command result: False
2026-09-29 21:18:57 | INFO | Collin | Heard: not the textbox
2026-09-29 21:18:57 | INFO | CollinRuntime | Processing command: not the textbox
2026-09-29 21:18:57 | WARNING | CollinRuntime | Command was not executed.
2026-09-29 21:18:57 | INFO | Collin | Command result: False
2026-09-29 21:19:01 | INFO | Collin | Heard: it is not a text
2026-09-29 21:19:01 | INFO | CollinRuntime | Processing command: it is not a text
2026-09-29 21:19:01 | WARNING | CollinRuntime | Command was not executed.
2026-09-29 21:19:01 | INFO | Collin | Command result: False
2026-09-29 21:20:20 | INFO | Collin | Heard: also want
2026-09-29 21:20:20 | INFO | CollinRuntime | Processing command: also want
2026-09-29 21:20:20 | WARNING | CollinRuntime | Command was not executed.
2026-09-29 21:20:20 | INFO | Collin | Command result: False
2026-09-29 21:20:26 | INFO | Collin | Heard: move kar Kaise kamae I will say
2026-09-29 21:20:26 | INFO | CollinRuntime | Processing command: move kar Kaise kamae I will say
2026-09-29 21:20:26 | WARNING | CollinRuntime | Command was not executed.
2026-09-29 21:20:26 | INFO | Collin | Command result: False
2026-09-29 21:20:29 | INFO | Collin | Heard: upward
2026-09-29 21:20:29 | INFO | CollinRuntime | Processing command: upward
2026-09-29 21:20:29 | WARNING | CollinRuntime | Command was not executed.
2026-09-29 21:20:29 | INFO | Collin | Command result: False
2026-09-29 21:20:33 | INFO | Collin | Heard: I will say
2026-09-29 21:20:33 | INFO | CollinRuntime | Processing command: I will say
2026-09-29 21:20:33 | WARNING | CollinRuntime | Command was not executed.
2026-09-29 21:20:33 | INFO | Collin | Command result: False
2026-09-29 21:20:37 | INFO | Collin | Heard: upwards one time
2026-09-29 21:20:37 | INFO | CollinRuntime | Processing command: upwards one time
2026-09-29 21:20:37 | WARNING | CollinRuntime | Command was not executed.
2026-09-29 21:20:37 | INFO | Collin | Command result: False
2026-09-29 21:20:41 | INFO | Collin | Heard: 1 cm
2026-09-29 21:20:41 | INFO | CollinRuntime | Processing command: 1 cm
2026-09-29 21:20:41 | WARNING | CollinRuntime | Command was not executed.
2026-09-29 21:20:41 | INFO | Collin | Command result: False
2026-09-29 21:21:31 | INFO | Collin | Heard: pressure
2026-09-29 21:21:31 | INFO | CollinRuntime | Processing command: pressure
2026-09-29 21:21:31 | WARNING | CollinRuntime | Command was not executed.
2026-09-29 21:21:31 | INFO | Collin | Command result: False
2026-09-29 21:21:35 | INFO | Collin | Heard: 1.5
2026-09-29 21:21:35 | INFO | CollinRuntime | Processing command: 1.5
2026-09-29 21:21:35 | WARNING | CollinRuntime | Command was not executed.
2026-09-29 21:21:35 | INFO | Collin | Command result: False
2026-09-29 21:22:02 | INFO | Collin | Heard: open new tab
2026-09-29 21:22:02 | INFO | CollinRuntime | Processing command: open new tab
2026-09-29 21:22:02 | WARNING | CollinRuntime | Command was not executed.
2026-09-29 21:22:02 | INFO | Collin | Command result: False
2026-09-29 21:22:06 | INFO | Collin | Heard: close
2026-09-29 21:22:06 | INFO | CollinRuntime | Processing command: close
2026-09-29 21:22:06 | WARNING | CollinRuntime | Command was not executed.
2026-09-29 21:22:06 | INFO | Collin | Command result: False
2026-09-29 21:22:10 | INFO | Collin | Heard: close the tap current
2026-09-29 21:22:10 | INFO | CollinRuntime | Processing command: close the tap current
2026-09-29 21:22:10 | WARNING | CollinRuntime | Command was not executed.
2026-09-29 21:22:10 | INFO | Collin | Command result: False
2026-09-29 21:22:19 | INFO | Collin | Heard: close all others tab instead this one will
2026-09-29 21:22:19 | INFO | CollinRuntime | Processing command: close all others tab instead this one will
2026-09-29 21:22:19 | WARNING | CollinRuntime | Command was not executed.
2026-09-29 21:22:19 | INFO | Collin | Command result: False
2026-09-29 21:22:27 | INFO | Collin | Heard: if 4G please open second Instagram is open I will
2026-09-29 21:22:27 | INFO | CollinRuntime | Processing command: if 4G please open second Instagram is open I will
2026-09-29 21:22:27 | WARNING | CollinRuntime | Command was not executed.
2026-09-29 21:22:27 | INFO | Collin | Command result: False
2026-09-29 21:22:34 | INFO | Collin | Heard: and close everything
2026-09-29 21:22:34 | INFO | CollinRuntime | Processing command: and close everything
2026-09-29 21:22:34 | WARNING | CollinRuntime | Command was not executed.
2026-09-29 21:22:34 | INFO | Collin | Command result: False
2026-09-29 21:22:37 | INFO | Collin | Heard: start Chrome
2026-09-29 21:22:37 | INFO | CollinRuntime | Processing command: start Chrome
2026-09-29 21:22:38 | INFO | CollinRuntime | Command executed successfully.
2026-09-29 21:22:38 | INFO | Collin | Command result: True
2026-09-29 21:23:26 | INFO | Collin | Heard: minimise
2026-09-29 21:23:26 | INFO | CollinRuntime | Processing command: minimise
2026-09-29 21:23:26 | WARNING | CollinRuntime | Command was not executed.
2026-09-29 21:23:26 | INFO | Collin | Command result: False
2026-09-29 21:23:31 | INFO | Collin | Heard: minimise Chrome
2026-09-29 21:23:31 | INFO | CollinRuntime | Processing command: minimise Chrome
2026-09-29 21:23:31 | WARNING | CollinRuntime | Command was not executed.
2026-09-29 21:23:31 | INFO | Collin | Command result: False
2026-09-29 21:23:35 | INFO | Collin | Heard: close mean close
2026-09-29 21:23:35 | INFO | CollinRuntime | Processing command: close mean close
2026-09-29 21:23:35 | WARNING | CollinRuntime | Command was not executed.
2026-09-29 21:23:35 | INFO | Collin | Command result: False
2026-09-29 21:24:39 | INFO | Collin | Heard: ok let's
2026-09-29 21:24:39 | INFO | CollinRuntime | Processing command: ok let's
2026-09-29 21:24:39 | WARNING | CollinRuntime | Command was not executed.
2026-09-29 21:24:39 | INFO | Collin | Command result: False
2026-09-29 21:24:45 | INFO | Collin | Heard: vs code command that adds every new command
2026-09-29 21:24:45 | INFO | CollinRuntime | Processing command: vs code command that adds every new command
2026-09-29 21:24:45 | WARNING | CollinRuntime | Command was not executed.
2026-09-29 21:24:45 | INFO | Collin | Command result: False
2026-09-29 21:24:50 | INFO | Collin | Heard: make the list of commands it should learn after this
2026-09-29 21:24:50 | INFO | CollinRuntime | Processing command: make the list of commands it should learn after this
2026-09-29 21:24:50 | WARNING | CollinRuntime | Command was not executed.
2026-09-29 21:24:50 | INFO | Collin | Command result: False
2026-09-29 21:24:59 | INFO | Collin | Heard: and what will be the action performed
2026-09-29 21:24:59 | INFO | CollinRuntime | Processing command: and what will be the action performed
2026-09-29 21:24:59 | WARNING | CollinRuntime | Command was not executed.
2026-09-29 21:24:59 | INFO | Collin | Command result: False
2026-09-29 21:25:25 | INFO | Collin | Heard: open file EXP
2026-09-29 21:25:25 | INFO | CollinRuntime | Processing command: open file EXP
2026-09-29 21:25:25 | WARNING | CollinRuntime | Command was not executed.
2026-09-29 21:25:25 | INFO | Collin | Command result: False
2026-09-29 21:25:33 | INFO | Collin | Heard: open file explorer
2026-09-29 21:25:33 | INFO | CollinRuntime | Processing command: open file explorer
2026-09-29 21:25:34 | INFO | CollinRuntime | Command executed successfully.
2026-09-29 21:25:34 | INFO | Collin | Command result: True
2026-09-29 21:26:27 | INFO | Collin | Heard: write vs code
2026-09-29 21:26:27 | INFO | CollinRuntime | Processing command: write vs code
2026-09-29 21:26:27 | INFO | CollinRuntime | Command executed successfully.
2026-09-29 21:26:27 | INFO | Collin | Command result: True
2026-09-29 21:26:35 | INFO | Collin | Heard: terminal command
2026-09-29 21:26:35 | INFO | CollinRuntime | Processing command: terminal command
2026-09-29 21:26:35 | WARNING | CollinRuntime | Command was not executed.
2026-09-29 21:26:35 | INFO | Collin | Command result: False
2026-09-29 21:26:37 | INFO | Collin | Heard: terminal command
2026-09-29 21:26:37 | INFO | CollinRuntime | Processing command: terminal command
2026-09-29 21:26:37 | WARNING | CollinRuntime | Command was not executed.
2026-09-29 21:26:37 | INFO | Collin | Command result: False
2026-09-29 21:26:42 | INFO | Collin | Heard: write terminal command
2026-09-29 21:26:42 | INFO | CollinRuntime | Processing command: write terminal command
2026-09-29 21:26:42 | INFO | CollinRuntime | Command executed successfully.
2026-09-29 21:26:42 | INFO | Collin | Command result: True
2026-09-29 21:27:17 | INFO | Collin | Heard: delete
2026-09-29 21:27:17 | INFO | CollinRuntime | Processing command: delete
2026-09-29 21:27:17 | WARNING | CollinRuntime | Command was not executed.
2026-09-29 21:27:17 | INFO | Collin | Command result: False
2026-09-29 21:27:40 | INFO | Collin | Heard: open vs
2026-09-29 21:27:40 | INFO | CollinRuntime | Processing command: open vs
2026-09-29 21:27:40 | WARNING | CollinRuntime | Command was not executed.
2026-09-29 21:27:40 | INFO | Collin | Command result: False
2026-09-29 21:27:46 | INFO | Collin | Heard: open vs
2026-09-29 21:27:46 | INFO | CollinRuntime | Processing command: open vs
2026-09-29 21:27:46 | WARNING | CollinRuntime | Command was not executed.
2026-09-29 21:27:46 | INFO | Collin | Command result: False
2026-09-29 21:27:51 | INFO | Collin | Heard: click here
2026-09-29 21:27:51 | INFO | CollinRuntime | Processing command: click here
2026-09-29 21:27:51 | INFO | CollinRuntime | Command executed successfully.
2026-09-29 21:27:51 | INFO | Collin | Command result: True
2026-09-29 21:29:06 | INFO | Collin | Heard: yeah I have one question
2026-09-29 21:29:06 | INFO | CollinRuntime | Processing command: yeah I have one question
2026-09-29 21:29:06 | WARNING | CollinRuntime | Command was not executed.
2026-09-29 21:29:06 | INFO | Collin | Command result: False
2026-09-29 21:30:58 | INFO | Collin | Heard: the
2026-09-29 21:30:58 | INFO | CollinRuntime | Processing command: the
2026-09-29 21:30:58 | WARNING | CollinRuntime | Command was not executed.
2026-09-29 21:30:58 | INFO | Collin | Command result: False
2026-09-29 21:31:06 | INFO | Collin | Heard: my keyboard will it not work for him as well
2026-09-29 21:31:06 | INFO | CollinRuntime | Processing command: my keyboard will it not work for him as well
2026-09-29 21:31:06 | WARNING | CollinRuntime | Command was not executed.
2026-09-29 21:31:06 | INFO | Collin | Command result: False
2026-09-29 21:32:33 | INFO | Collin | Heard: Air Force example if I am pressing
2026-09-29 21:32:33 | INFO | CollinRuntime | Processing command: Air Force example if I am pressing
2026-09-29 21:32:33 | WARNING | CollinRuntime | Command was not executed.
2026-09-29 21:32:33 | INFO | Collin | Command result: False
2026-09-29 21:32:40 | INFO | Collin | Heard: I am sad
2026-09-29 21:32:40 | INFO | CollinRuntime | Processing command: I am sad
2026-09-29 21:32:40 | WARNING | CollinRuntime | Command was not executed.
2026-09-29 21:32:40 | INFO | Collin | Command result: False
2026-09-29 21:32:44 | INFO | Collin | Heard: click a
2026-09-29 21:32:44 | INFO | CollinRuntime | Processing command: click a
2026-09-29 21:32:44 | INFO | CollinRuntime | Command executed successfully.
2026-09-29 21:32:44 | INFO | Collin | Command result: True
2026-09-29 21:32:47 | INFO | Collin | Heard: type a
2026-09-29 21:32:47 | INFO | CollinRuntime | Processing command: type a
2026-09-29 21:32:47 | INFO | CollinRuntime | Command executed successfully.
2026-09-29 21:32:47 | INFO | Collin | Command result: True
2026-09-29 21:32:50 | INFO | Collin | Heard: will it
2026-09-29 21:32:50 | INFO | CollinRuntime | Processing command: will it
2026-09-29 21:32:50 | WARNING | CollinRuntime | Command was not executed.
2026-09-29 21:32:50 | INFO | Collin | Command result: False
2026-09-29 21:33:09 | INFO | Collin | Heard: write it
2026-09-29 21:33:09 | INFO | CollinRuntime | Processing command: write it
2026-09-29 21:33:09 | INFO | CollinRuntime | Command executed successfully.
2026-09-29 21:33:09 | INFO | Collin | Command result: True
2026-09-29 21:41:26 | INFO | Collin | Heard: I don't want to test like this that it automatically test I will test myself
2026-09-29 21:41:26 | INFO | CollinRuntime | Processing command: I don't want to test like this that it automatically test I will test myself
2026-09-29 21:41:26 | WARNING | CollinRuntime | Command was not executed.
2026-09-29 21:41:26 | INFO | Collin | Command result: False
2026-09-29 21:42:13 | INFO | CollinRuntime | Collin starting...
2026-09-29 21:42:13 | INFO | CollinRuntime | Collin is running.
2026-09-29 21:42:13 | INFO | Collin | Heard: hi calling
2026-09-29 21:42:13 | INFO | CollinRuntime | Processing command: hi calling
2026-09-29 21:42:13 | WARNING | CollinRuntime | Command was not executed.
2026-09-29 21:42:13 | INFO | Collin | Command result: False
2026-09-29 21:42:20 | INFO | CollinRuntime | Processing command: open new tab
2026-09-29 21:42:20 | INFO | CollinRuntime | Command executed successfully.
2026-09-29 21:42:20 | INFO | Collin | Heard: open new tab
2026-09-29 21:42:20 | INFO | CollinRuntime | Processing command: open new tab
2026-09-29 21:42:20 | WARNING | CollinRuntime | Command was not executed.
2026-09-29 21:42:20 | INFO | Collin | Command result: False
2026-09-29 21:42:29 | INFO | Collin | Heard: open
2026-09-29 21:42:29 | INFO | CollinRuntime | Processing command: open
2026-09-29 21:42:29 | WARNING | CollinRuntime | Command was not executed.
2026-09-29 21:42:29 | INFO | Collin | Command result: False
2026-09-29 21:42:39 | INFO | CollinRuntime | Processing command: open chat GPT
2026-09-29 21:42:40 | INFO | Collin | Heard: open chat GPT
2026-09-29 21:42:40 | INFO | CollinRuntime | Processing command: open chat GPT
2026-09-29 21:42:40 | WARNING | CollinRuntime | Command was not executed.
2026-09-29 21:42:40 | INFO | Collin | Command result: False
2026-09-29 21:42:41 | INFO | CollinRuntime | Command executed successfully.
2026-09-29 21:42:51 | INFO | CollinRuntime | Processing command: move cursor up to
2026-09-29 21:42:51 | INFO | CollinRuntime | Command executed successfully.
2026-09-29 21:42:52 | INFO | Collin | Heard: move cursor up to
2026-09-29 21:42:52 | INFO | CollinRuntime | Processing command: move cursor up to
2026-09-29 21:42:52 | WARNING | CollinRuntime | Command was not executed.
2026-09-29 21:42:52 | INFO | Collin | Command result: False
2026-09-29 21:43:06 | INFO | Collin | Heard: move cut shutdown
2026-09-29 21:43:06 | INFO | CollinRuntime | Processing command: move cut shutdown
2026-09-29 21:43:06 | WARNING | CollinRuntime | Command was not executed.
2026-09-29 21:43:06 | INFO | Collin | Command result: False
2026-09-29 21:43:06 | INFO | CollinRuntime | Processing command: move cut shutdown
2026-09-29 21:43:06 | WARNING | CollinRuntime | Command was not executed.
2026-09-29 21:43:21 | INFO | Collin | Heard: type chat
2026-09-29 21:43:21 | INFO | CollinRuntime | Processing command: type chat
2026-09-29 21:43:21 | INFO | CollinRuntime | Processing command: type chat
2026-09-29 21:43:21 | INFO | CollinRuntime | Command executed successfully.
2026-09-29 21:43:21 | INFO | Collin | Command result: True
2026-09-29 21:43:21 | INFO | CollinRuntime | Command executed successfully.
2026-09-29 21:43:29 | INFO | CollinRuntime | Processing command: type chat
2026-09-29 21:43:30 | INFO | Collin | Heard: type chat
2026-09-29 21:43:30 | INFO | CollinRuntime | Processing command: type chat
2026-09-29 21:43:30 | INFO | CollinRuntime | Command executed successfully.
2026-09-29 21:43:30 | INFO | CollinRuntime | Command executed successfully.
2026-09-29 21:43:30 | INFO | Collin | Command result: True
2026-09-29 21:43:40 | INFO | Collin | Heard: copy
2026-09-29 21:43:40 | INFO | CollinRuntime | Processing command: copy
2026-09-29 21:43:40 | INFO | CollinRuntime | Processing command: copy
2026-09-29 21:43:40 | INFO | CollinRuntime | Command executed successfully.
2026-09-29 21:43:40 | INFO | Collin | Command result: True
2026-09-29 21:43:40 | INFO | CollinRuntime | Command executed successfully.
2026-09-29 21:43:50 | INFO | Collin | Heard: copy it
2026-09-29 21:43:50 | INFO | CollinRuntime | Processing command: copy it
2026-09-29 21:43:50 | WARNING | CollinRuntime | Command was not executed.
2026-09-29 21:43:50 | INFO | Collin | Command result: False
2026-09-29 21:43:50 | INFO | CollinRuntime | Processing command: copy it
2026-09-29 21:43:50 | INFO | CollinRuntime | Command executed successfully.
2026-09-29 21:43:55 | INFO | Collin | Heard: paste it
2026-09-29 21:43:55 | INFO | CollinRuntime | Processing command: paste it
2026-09-29 21:43:55 | WARNING | CollinRuntime | Command was not executed.
2026-09-29 21:43:55 | INFO | Collin | Command result: False
2026-09-29 21:43:55 | INFO | CollinRuntime | Processing command: paste it
2026-09-29 21:43:55 | INFO | CollinRuntime | Command executed successfully.
2026-09-29 21:44:05 | INFO | Collin | Heard: undo
2026-09-29 21:44:05 | INFO | CollinRuntime | Processing command: undo
2026-09-29 21:44:05 | INFO | CollinRuntime | Command executed successfully.
2026-09-29 21:44:05 | INFO | Collin | Command result: True
2026-09-29 21:44:05 | INFO | CollinRuntime | Processing command: undo
2026-09-29 21:44:05 | INFO | CollinRuntime | Command executed successfully.
2026-09-29 21:44:19 | INFO | CollinRuntime | Processing command: type testing
2026-09-29 21:44:19 | INFO | Collin | Heard: type testing
2026-09-29 21:44:19 | INFO | CollinRuntime | Processing command: type testing
2026-09-29 21:44:19 | INFO | CollinRuntime | Command executed successfully.
2026-09-29 21:44:19 | INFO | CollinRuntime | Command executed successfully.
2026-09-29 21:44:19 | INFO | Collin | Command result: True
2026-09-29 21:44:47 | INFO | Collin | Heard: send it
2026-09-29 21:44:47 | INFO | CollinRuntime | Processing command: send it
2026-09-29 21:44:47 | WARNING | CollinRuntime | Command was not executed.
2026-09-29 21:44:47 | INFO | Collin | Command result: False
2026-09-29 21:45:00 | INFO | Collin | Heard: hello send it
2026-09-29 21:45:00 | INFO | CollinRuntime | Processing command: hello send it
2026-09-29 21:45:00 | WARNING | CollinRuntime | Command was not executed.
2026-09-29 21:45:00 | INFO | Collin | Command result: False
2026-09-29 21:45:01 | INFO | CollinRuntime | Processing command: hello send it
2026-09-29 21:45:01 | WARNING | CollinRuntime | Command was not executed.
2026-09-29 21:45:05 | INFO | Collin | Heard: learn this
2026-09-29 21:45:05 | INFO | CollinRuntime | Processing command: learn this
2026-09-29 21:45:05 | WARNING | CollinRuntime | Command was not executed.
2026-09-29 21:45:05 | INFO | Collin | Command result: False
2026-09-29 21:45:10 | INFO | Collin | Heard: stop learning
2026-09-29 21:45:10 | INFO | CollinRuntime | Processing command: stop learning
2026-09-29 21:45:10 | WARNING | CollinRuntime | Command was not executed.
2026-09-29 21:45:10 | INFO | Collin | Command result: False
2026-09-29 21:45:19 | INFO | CollinRuntime | Processing command: type here but you have learn
2026-09-29 21:45:19 | INFO | Collin | Heard: type here but you have learn
2026-09-29 21:45:19 | INFO | CollinRuntime | Processing command: type here but you have learn
2026-09-29 21:45:19 | INFO | CollinRuntime | Command executed successfully.
2026-09-29 21:45:20 | INFO | CollinRuntime | Command executed successfully.
2026-09-29 21:45:20 | INFO | Collin | Command result: True
2026-09-29 21:46:17 | INFO | Collin | Heard: type learn
2026-09-29 21:46:17 | INFO | CollinRuntime | Processing command: type learn
2026-09-29 21:46:17 | INFO | CollinRuntime | Processing command: type learn
2026-09-29 21:46:17 | INFO | CollinRuntime | Command executed successfully.
2026-09-29 21:46:17 | INFO | Collin | Command result: True
2026-09-29 21:46:30 | INFO | Collin | Heard: file explore
2026-09-29 21:46:30 | INFO | CollinRuntime | Processing command: file explore
2026-09-29 21:46:30 | WARNING | CollinRuntime | Command was not executed.
2026-09-29 21:46:30 | INFO | Collin | Command result: False
2026-09-29 21:47:06 | INFO | CollinRuntime | Processing command: Kaiser
2026-09-29 21:47:06 | WARNING | CollinRuntime | Command was not executed.
2026-09-29 21:47:06 | INFO | Collin | Heard: cursor
2026-09-29 21:47:06 | INFO | CollinRuntime | Processing command: cursor
2026-09-29 21:47:06 | WARNING | CollinRuntime | Command was not executed.
2026-09-29 21:47:06 | INFO | Collin | Command result: False
2026-09-29 21:47:10 | INFO | CollinRuntime | Processing command: move cursor
2026-09-29 21:47:10 | WARNING | CollinRuntime | Command was not executed.
2026-09-29 21:47:10 | INFO | Collin | Heard: move cursor
2026-09-29 21:47:10 | INFO | CollinRuntime | Processing command: move cursor
2026-09-29 21:47:10 | WARNING | CollinRuntime | Command was not executed.
2026-09-29 21:47:10 | INFO | Collin | Command result: False
2026-09-29 21:47:18 | INFO | CollinRuntime | Processing command: move cursor up
2026-09-29 21:47:18 | INFO | Collin | Heard: move cursor up
2026-09-29 21:47:18 | INFO | CollinRuntime | Processing command: move cursor up
2026-09-29 21:47:18 | WARNING | CollinRuntime | Command was not executed.
2026-09-29 21:47:18 | INFO | Collin | Command result: False
2026-09-29 21:47:18 | INFO | CollinRuntime | Command executed successfully.
2026-09-29 21:47:25 | INFO | CollinRuntime | Processing command: move cursor down
2026-09-29 21:47:26 | INFO | Collin | Heard: move cursor down
2026-09-29 21:47:26 | INFO | CollinRuntime | Processing command: move cursor down
2026-09-29 21:47:26 | WARNING | CollinRuntime | Command was not executed.
2026-09-29 21:47:26 | INFO | Collin | Command result: False
2026-09-29 21:47:26 | INFO | CollinRuntime | Command executed successfully.
2026-09-29 21:47:51 | INFO | CollinRuntime | Processing command: copy it
2026-09-29 21:47:51 | INFO | CollinRuntime | Command executed successfully.
2026-09-29 21:47:51 | INFO | Collin | Heard: copy it
2026-09-29 21:47:51 | INFO | CollinRuntime | Processing command: copy it
2026-09-29 21:47:51 | WARNING | CollinRuntime | Command was not executed.
2026-09-29 21:47:51 | INFO | Collin | Command result: False
2026-09-29 21:48:07 | INFO | CollinRuntime | Processing command: paste it
2026-09-29 21:48:07 | INFO | CollinRuntime | Command executed successfully.
2026-09-29 21:48:07 | INFO | Collin | Heard: paste it
2026-09-29 21:48:07 | INFO | CollinRuntime | Processing command: paste it
2026-09-29 21:48:07 | WARNING | CollinRuntime | Command was not executed.
2026-09-29 21:48:07 | INFO | Collin | Command result: False
2026-09-29 21:48:13 | INFO | CollinRuntime | Processing command: send it
2026-09-29 21:48:13 | INFO | CollinRuntime | Command executed successfully.
2026-09-29 21:48:13 | INFO | Collin | Heard: send it
2026-09-29 21:48:13 | INFO | CollinRuntime | Processing command: send it
2026-09-29 21:48:13 | WARNING | CollinRuntime | Command was not executed.
2026-09-29 21:48:13 | INFO | Collin | Command result: False
2026-09-29 21:48:51 | INFO | Collin | Heard: matlab Mujhe skate love wala
2026-09-29 21:48:51 | INFO | CollinRuntime | Processing command: matlab Mujhe skate love wala
2026-09-29 21:48:51 | WARNING | CollinRuntime | Command was not executed.
2026-09-29 21:48:51 | INFO | Collin | Command result: False
2026-09-29 21:48:58 | INFO | CollinRuntime | Processing command: matlab Mujhe skate love wala fayda Nahin hoga
2026-09-29 21:48:58 | WARNING | CollinRuntime | Command was not executed.
2026-09-29 21:49:08 | INFO | CollinRuntime | Processing command: play music
2026-09-29 21:49:08 | WARNING | CollinRuntime | Command was not executed.
2026-09-29 21:49:17 | INFO | Collin | Heard: play music no play
2026-09-29 21:49:17 | INFO | CollinRuntime | Processing command: play music no play
2026-09-29 21:49:17 | WARNING | CollinRuntime | Command was not executed.
2026-09-29 21:49:17 | INFO | Collin | Command result: False
2026-09-29 21:49:19 | INFO | CollinRuntime | Processing command: play music no play music
2026-09-29 21:49:19 | WARNING | CollinRuntime | Command was not executed.
2026-09-29 21:49:20 | INFO | Collin | Heard: open Chrome
2026-09-29 21:49:20 | INFO | CollinRuntime | Processing command: open Chrome
2026-09-29 21:49:22 | INFO | CollinRuntime | Command executed successfully.
2026-09-29 21:49:22 | INFO | Collin | Command result: True
2026-09-29 21:49:27 | INFO | CollinRuntime | Processing command: Close tab
2026-09-29 21:49:27 | INFO | CollinRuntime | Command executed successfully.
2026-09-29 21:49:27 | INFO | Collin | Heard: Close tab
2026-09-29 21:49:27 | INFO | CollinRuntime | Processing command: Close tab
2026-09-29 21:49:27 | WARNING | CollinRuntime | Command was not executed.
2026-09-29 21:49:27 | INFO | Collin | Command result: False
2026-09-29 21:49:32 | INFO | CollinRuntime | Processing command: Open tab
2026-09-29 21:49:32 | WARNING | CollinRuntime | Command was not executed.
2026-09-29 21:49:33 | INFO | Collin | Heard: Open tab
2026-09-29 21:49:33 | INFO | CollinRuntime | Processing command: Open tab
2026-09-29 21:49:33 | WARNING | CollinRuntime | Command was not executed.
2026-09-29 21:49:33 | INFO | Collin | Command result: False
2026-09-29 21:49:37 | INFO | Collin | Heard: Open tab
2026-09-29 21:49:37 | INFO | CollinRuntime | Processing command: Open tab
2026-09-29 21:49:37 | WARNING | CollinRuntime | Command was not executed.
2026-09-29 21:49:37 | INFO | Collin | Command result: False
2026-09-29 21:49:37 | INFO | CollinRuntime | Processing command: Open tab
2026-09-29 21:49:37 | WARNING | CollinRuntime | Command was not executed.
2026-09-29 21:50:22 | INFO | CollinRuntime | Processing command: Open tab
2026-09-29 21:50:22 | WARNING | CollinRuntime | Command was not executed.
2026-09-29 21:50:22 | INFO | Collin | Heard: tab
2026-09-29 21:50:22 | INFO | CollinRuntime | Processing command: tab
2026-09-29 21:50:22 | WARNING | CollinRuntime | Command was not executed.
2026-09-29 21:50:22 | INFO | Collin | Command result: False
2026-09-29 21:50:28 | INFO | Collin | Heard: Open tab
2026-09-29 21:50:28 | INFO | CollinRuntime | Processing command: Open tab
2026-09-29 21:50:28 | INFO | CollinRuntime | Processing command: Open tab
2026-09-29 21:50:28 | WARNING | CollinRuntime | Command was not executed.
2026-09-29 21:50:28 | WARNING | CollinRuntime | Command was not executed.
2026-09-29 21:50:28 | INFO | Collin | Command result: False
2026-09-29 21:50:31 | INFO | CollinRuntime | Processing command: chat
2026-09-29 21:50:31 | WARNING | CollinRuntime | Command was not executed.
2026-09-29 21:50:31 | INFO | Collin | Heard: chat
2026-09-29 21:50:31 | INFO | CollinRuntime | Processing command: chat
2026-09-29 21:50:31 | WARNING | CollinRuntime | Command was not executed.
2026-09-29 21:50:31 | INFO | Collin | Command result: False
2026-09-29 21:50:36 | INFO | CollinRuntime | Processing command: open
2026-09-29 21:50:36 | WARNING | CollinRuntime | Command was not executed.
2026-09-29 21:50:36 | INFO | Collin | Heard: open
2026-09-29 21:50:36 | INFO | CollinRuntime | Processing command: open
2026-09-29 21:50:36 | WARNING | CollinRuntime | Command was not executed.
2026-09-29 21:50:36 | INFO | Collin | Command result: False
2026-09-29 21:51:02 | INFO | CollinRuntime | Processing command: open Chrome
2026-09-29 21:51:02 | INFO | Collin | Heard: open Chrome
2026-09-29 21:51:02 | INFO | CollinRuntime | Processing command: open Chrome
2026-09-29 21:51:03 | INFO | CollinRuntime | Command executed successfully.
2026-09-29 21:51:03 | INFO | CollinRuntime | Command executed successfully.
2026-09-29 21:51:03 | INFO | Collin | Command result: True
2026-09-29 21:51:09 | INFO | CollinRuntime | Processing command: Open tab
2026-09-29 21:51:09 | WARNING | CollinRuntime | Command was not executed.
2026-09-29 21:51:09 | INFO | Collin | Heard: Open tab
2026-09-29 21:51:09 | INFO | CollinRuntime | Processing command: Open tab
2026-09-29 21:51:09 | WARNING | CollinRuntime | Command was not executed.
2026-09-29 21:51:09 | INFO | Collin | Command result: False
2026-09-29 21:52:04 | INFO | CollinRuntime | Processing command: tabhi chalega
2026-09-29 21:52:04 | WARNING | CollinRuntime | Command was not executed.
2026-09-29 22:00:39 | INFO | CollinRuntime | Collin starting...
2026-09-29 22:00:39 | INFO | CollinRuntime | Collin is running.
2026-09-29 22:00:50 | INFO | CollinRuntime | Processing command: open new tab
2026-09-29 22:00:50 | INFO | CollinRuntime | Command executed successfully.
2026-09-29 22:00:56 | INFO | CollinRuntime | Processing command: all
2026-09-29 22:00:56 | WARNING | CollinRuntime | Command was not executed.
2026-09-29 22:01:12 | INFO | CollinRuntime | Processing command: close meta AI
2026-09-29 22:01:12 | WARNING | CollinRuntime | Command was not executed.
2026-09-29 22:01:21 | INFO | CollinRuntime | Processing command: close meta
2026-09-29 22:01:21 | WARNING | CollinRuntime | Command was not executed.
2026-09-30 14:26:52 | INFO | CollinRuntime | Processing command: Gurudwara date jab ho jaaye to Fir kya matlab
2026-09-30 14:26:52 | WARNING | CollinRuntime | Command was not executed.
2026-09-30 14:26:58 | INFO | CollinRuntime | Processing command: bhai sahab abhi to theek ho gaya
2026-09-30 14:26:58 | WARNING | CollinRuntime | Command was not executed.
2026-09-30 14:30:06 | INFO | CollinRuntime | Collin starting...
2026-09-30 14:30:06 | INFO | CollinRuntime | Collin is running.
2026-09-30 14:30:15 | INFO | CollinRuntime | Processing command: open chat
2026-09-30 14:30:15 | WARNING | CollinRuntime | Command was not executed.
2026-09-30 14:30:27 | INFO | CollinRuntime | Processing command: open chat
2026-09-30 14:30:27 | WARNING | CollinRuntime | Command was not executed.
2026-09-30 14:30:39 | INFO | CollinRuntime | Processing command: open Chrome
2026-09-30 14:30:40 | INFO | CollinRuntime | Command executed successfully.
2026-09-30 14:30:45 | INFO | CollinRuntime | Processing command: search chat
2026-09-30 14:30:46 | INFO | CollinRuntime | Command executed successfully.
2026-09-30 14:31:02 | INFO | CollinRuntime | Processing command: click here
2026-09-30 14:31:02 | INFO | CollinRuntime | Command executed successfully.
2026-09-30 14:31:19 | INFO | CollinRuntime | Processing command: move cursor
2026-09-30 14:31:19 | WARNING | CollinRuntime | Command was not executed.
2026-09-30 14:31:24 | INFO | CollinRuntime | Processing command: move cursor left
2026-09-30 14:31:25 | INFO | CollinRuntime | Command executed successfully.
2026-09-30 14:31:31 | INFO | CollinRuntime | Processing command: move cursor left 3
2026-09-30 14:31:32 | INFO | CollinRuntime | Command executed successfully.
2026-09-30 14:31:37 | INFO | CollinRuntime | Processing command: move cursor left for
2026-09-30 14:31:37 | INFO | CollinRuntime | Command executed successfully.
2026-09-30 14:31:45 | INFO | CollinRuntime | Processing command: move cursor left
2026-09-30 14:31:45 | INFO | CollinRuntime | Command executed successfully.
2026-09-30 14:31:56 | INFO | CollinRuntime | Processing command: move cursor left
2026-09-30 14:31:56 | INFO | CollinRuntime | Command executed successfully.
2026-09-30 14:32:02 | INFO | CollinRuntime | Processing command: move cursor left 3
2026-09-30 14:32:02 | INFO | CollinRuntime | Command executed successfully.
2026-09-30 14:32:06 | INFO | CollinRuntime | Processing command: cricket
2026-09-30 14:32:06 | WARNING | CollinRuntime | Command was not executed.
2026-09-30 14:32:20 | INFO | CollinRuntime | Processing command: click here
2026-09-30 14:32:20 | INFO | CollinRuntime | Command executed successfully.
2026-09-30 14:33:03 | INFO | CollinRuntime | Processing command: select all
2026-09-30 14:33:03 | INFO | CollinRuntime | Command executed successfully.
2026-09-30 14:33:22 | INFO | CollinRuntime | Processing command: click here
2026-09-30 14:33:22 | INFO | CollinRuntime | Command executed successfully.
2026-09-30 14:33:38 | INFO | CollinRuntime | Processing command: click here
2026-09-30 14:33:38 | INFO | CollinRuntime | Command executed successfully.
2026-09-30 14:33:57 | INFO | CollinRuntime | Processing command: click here
2026-09-30 14:33:57 | INFO | CollinRuntime | Command executed successfully.
2026-09-30 14:34:10 | INFO | CollinRuntime | Processing command: click here
2026-09-30 14:34:11 | INFO | CollinRuntime | Command executed successfully.
2026-09-30 14:34:35 | INFO | CollinRuntime | Processing command: click here
2026-09-30 14:34:35 | INFO | CollinRuntime | Command executed successfully.
2026-09-30 14:34:40 | INFO | CollinRuntime | Processing command: click here
2026-09-30 14:34:40 | INFO | CollinRuntime | Command executed successfully.
2026-09-30 14:38:14 | INFO | CollinRuntime | Collin starting...
2026-09-30 14:38:14 | INFO | CollinRuntime | Collin is running.
2026-09-30 14:41:48 | INFO | CollinRuntime | Processing command: open Chrome
2026-09-30 14:41:49 | INFO | CollinRuntime | Command executed successfully.
2026-09-30 14:41:56 | INFO | CollinRuntime | Processing command: GPT
2026-09-30 14:41:56 | WARNING | CollinRuntime | Command was not executed.
2026-09-30 14:42:07 | INFO | CollinRuntime | Processing command: search chat GPT
2026-09-30 14:42:08 | INFO | CollinRuntime | Command executed successfully.
2026-09-30 14:47:19 | INFO | CollinRuntime | Processing command: hello hello hello hello
2026-09-30 14:47:19 | WARNING | CollinRuntime | Command was not executed.
2026-09-30 14:50:48 | INFO | CollinRuntime | Processing command: OK then
2026-09-30 14:50:48 | WARNING | CollinRuntime | Command was not executed.
2026-09-30 14:51:13 | INFO | CollinRuntime | Processing command: open Chrome
2026-09-30 14:51:15 | INFO | CollinRuntime | Command executed successfully.
2026-09-30 14:51:29 | INFO | CollinRuntime | Processing command: change in Chrome it changed automatically without
2026-09-30 14:51:29 | WARNING | CollinRuntime | Command was not executed.
2026-09-30 14:51:57 | INFO | CollinRuntime | Processing command: I love to give you the
2026-09-30 14:51:57 | WARNING | CollinRuntime | Command was not executed.
2026-09-30 14:52:01 | INFO | CollinRuntime | Processing command: I will love
2026-09-30 14:52:01 | WARNING | CollinRuntime | Command was not executed.
2026-09-30 14:52:10 | INFO | CollinRuntime | Processing command: letting you know I want to tell you something that whatever I say Gemini I will also reply to
2026-09-30 14:52:10 | WARNING | CollinRuntime | Command was not executed.
2026-09-30 14:52:20 | INFO | CollinRuntime | Processing command: return after you column not after Gemini Kollam ok
2026-09-30 14:52:20 | WARNING | CollinRuntime | Command was not executed.
2026-09-30 14:52:25 | INFO | CollinRuntime | Processing command: sometime Gemini life Gemini life
2026-09-30 14:52:25 | WARNING | CollinRuntime | Command was not executed.
2026-09-30 14:52:30 | INFO | CollinRuntime | Processing command: so it closed itself
2026-09-30 14:52:30 | WARNING | CollinRuntime | Command was not executed.
2026-09-30 14:52:39 | INFO | CollinRuntime | Processing command: how to see that it's closed and how to open it
2026-09-30 14:52:39 | WARNING | CollinRuntime | Command was not executed.
2026-09-30 14:52:47 | INFO | CollinRuntime | Processing command: what is the close and open it back with instead of
2026-09-30 14:52:47 | WARNING | CollinRuntime | Command was not executed.
2026-09-30 14:52:51 | INFO | CollinRuntime | Processing command: for my new command
2026-09-30 14:52:51 | WARNING | CollinRuntime | Command was not executed.
2026-09-30 15:13:59 | INFO | CollinRuntime | Collin starting...
2026-09-30 15:13:59 | INFO | CollinRuntime | Collin is running.
2026-09-30 15:14:26 | INFO | TeachingSession | COLLIN — LEARNING
2026-09-30 15:14:38 | INFO | CollinRuntime | Processing command: click it
2026-09-30 15:14:38 | INFO | TeachingSession | Teaching instruction recorded.
2026-09-30 15:14:38 | INFO | CollinRuntime | Command executed successfully.
2026-09-30 15:14:47 | INFO | TeachingSession | Teaching instruction recorded.
2026-09-30 15:14:47 | INFO | CollinRuntime | Processing command: click it
2026-09-30 15:14:48 | INFO | CollinRuntime | Command executed successfully.
2026-09-30 15:14:52 | INFO | CollinRuntime | Processing command: nausea
2026-09-30 15:14:52 | WARNING | CollinRuntime | Command was not executed.
2026-09-30 15:16:30 | INFO | CollinRuntime | Processing command: paste here what you have learn
2026-09-30 15:16:30 | WARNING | CollinRuntime | Command was not executed.
2026-09-30 15:16:30 | INFO | CollinRuntime | Processing command: paste here what you have learn
2026-09-30 15:16:30 | WARNING | CollinRuntime | Command was not executed.
2026-09-30 15:18:17 | INFO | CollinRuntime | Collin stopping...
2026-09-30 15:18:17 | INFO | CollinRuntime | Collin stopped.
2026-09-30 15:18:34 | INFO | CollinRuntime | Collin starting...
2026-09-30 15:18:34 | INFO | CollinRuntime | Collin is running.
2026-09-30 15:19:02 | INFO | CollinRuntime | Collin stopping...
2026-09-30 15:19:02 | INFO | CollinRuntime | Collin stopped.
2026-09-30 15:19:43 | INFO | CollinRuntime | Collin starting...
2026-09-30 15:19:43 | INFO | CollinRuntime | Collin is running.
2026-09-30 15:19:59 | INFO | TeachingSession | COLLIN — LEARNING
2026-09-30 15:20:03 | INFO | TeachingSession | Teaching instruction recorded.
2026-09-30 15:20:18 | INFO | TeachingSession | Teaching instruction recorded.
2026-09-30 15:20:56 | INFO | TeachingSession | COLLIN — LEARNED: gemini_live_captions
2026-09-30 15:23:51 | INFO | CollinRuntime | Processing command: Kyon Nahin
2026-09-30 15:23:51 | WARNING | CollinRuntime | Command was not executed.
2026-09-30 15:23:52 | INFO | CollinRuntime | Processing command: Kyon Nahin
2026-09-30 15:23:52 | WARNING | CollinRuntime | Command was not executed.
2026-09-30 15:24:40 | INFO | TeachingSession | COLLIN — LEARNING
2026-09-30 15:25:02 | INFO | TeachingSession | COLLIN — LEARNED: gemini_live_captions
2026-09-30 15:26:04 | INFO | CollinRuntime | Processing command: paste here what you have learnt
2026-09-30 15:26:04 | WARNING | CollinRuntime | Command was not executed.
2026-09-30 15:26:04 | INFO | CollinRuntime | Processing command: paste here what you have learnt
2026-09-30 15:26:04 | WARNING | CollinRuntime | Command was not executed.
2026-09-30 15:26:08 | INFO | CollinRuntime | Processing command: paste what you have learn
2026-09-30 15:26:08 | WARNING | CollinRuntime | Command was not executed.
2026-09-30 15:26:08 | INFO | CollinRuntime | Processing command: paste what you have learn
2026-09-30 15:26:08 | WARNING | CollinRuntime | Command was not executed.
2026-09-30 15:26:22 | INFO | CollinRuntime | Processing command: paste what you learnt
2026-09-30 15:26:22 | WARNING | CollinRuntime | Command was not executed.
2026-09-30 15:26:40 | INFO | CollinRuntime | Processing command: you learnt
2026-09-30 15:26:40 | WARNING | CollinRuntime | Command was not executed.
2026-09-30 15:26:40 | INFO | CollinRuntime | Processing command: you learnt
2026-09-30 15:26:40 | WARNING | CollinRuntime | Command was not executed.
2026-09-30 15:26:54 | INFO | CollinRuntime | Processing command: land
2026-09-30 15:26:54 | WARNING | CollinRuntime | Command was not executed.
2026-09-30 15:26:54 | INFO | CollinRuntime | Processing command: land
2026-09-30 15:26:54 | WARNING | CollinRuntime | Command was not executed.
2026-09-30 15:27:07 | INFO | CollinRuntime | Processing command: you learn
2026-09-30 15:27:07 | WARNING | CollinRuntime | Command was not executed.
2026-09-30 15:27:07 | INFO | CollinRuntime | Processing command: you learn
2026-09-30 15:27:07 | WARNING | CollinRuntime | Command was not executed.
2026-09-30 15:27:39 | INFO | CollinRuntime | Processing command: paste what you learnt
2026-09-30 15:27:39 | WARNING | CollinRuntime | Command was not executed.
2026-09-30 15:27:39 | INFO | CollinRuntime | Processing command: paste what you learnt
2026-09-30 15:27:39 | WARNING | CollinRuntime | Command was not executed.
2026-09-30 15:29:44 | INFO | CollinRuntime | Collin stopping...
2026-09-30 15:29:44 | INFO | CollinRuntime | Collin stopped.
2026-09-30 15:30:03 | INFO | CollinRuntime | Collin starting...
2026-09-30 15:30:03 | INFO | CollinRuntime | Collin is running.
2026-09-30 15:30:20 | INFO | TeachingSession | Mouse demonstration recording started.
2026-09-30 15:30:20 | INFO | TeachingSession | COLLIN — LEARNING
2026-09-30 15:30:27 | INFO | TeachingSession | Teaching instruction recorded.
2026-09-30 15:30:28 | INFO | TeachingSession | Teaching observation recorded.
2026-09-30 15:30:32 | INFO | TeachingSession | Teaching instruction recorded.
2026-09-30 15:30:32 | INFO | TeachingSession | Teaching observation recorded.
2026-09-30 15:30:39 | INFO | TeachingSession | Teaching mouse click recorded at (1101, 767).
2026-09-30 15:30:43 | INFO | TeachingSession | Teaching mouse click recorded at (1063, 8).
2026-09-30 15:30:53 | INFO | TeachingSession | Teaching mouse click recorded at (1310, 458).
2026-09-30 15:30:55 | INFO | TeachingSession | Teaching mouse click recorded at (1298, 655).
2026-09-30 15:31:12 | INFO | TeachingSession | Teaching mouse click recorded at (705, 170).
2026-09-30 15:31:17 | INFO | TeachingSession | Teaching mouse click recorded at (885, 153).
2026-09-30 15:31:30 | INFO | TeachingSession | Teaching mouse click recorded at (677, 76).
2026-09-30 15:31:32 | INFO | TeachingSession | Teaching mouse click recorded at (610, 86).
2026-09-30 15:31:34 | INFO | TeachingSession | Teaching mouse click recorded at (944, 328).
2026-09-30 15:31:38 | INFO | TeachingSession | Teaching mouse click recorded at (984, 104).
2026-09-30 15:31:42 | INFO | TeachingSession | COLLIN — LEARNED: gemini_live_captions
2026-09-30 15:32:34 | INFO | CollinRuntime | Processing command: paste what you learnt
2026-09-30 15:32:34 | WARNING | CollinRuntime | Command was not executed.
2026-09-30 15:33:07 | INFO | CollinRuntime | Processing command: paste what you learnt
2026-09-30 15:33:07 | WARNING | CollinRuntime | Command was not executed.
2026-09-30 15:36:35 | INFO | CollinRuntime | Processing command: Jiji 1 second
2026-09-30 15:36:35 | WARNING | CollinRuntime | Command was not executed.
2026-09-30 15:36:35 | INFO | CollinRuntime | Processing command: Jiji 1 second
2026-09-30 15:36:35 | WARNING | CollinRuntime | Command was not executed.
2026-09-30 15:39:21 | INFO | CollinRuntime | Processing command: it can also learn through chat GPT and other a is also if I saw him any tutorial or any I work with mean I saw him that if I say open Instagram so you have to do this then this
2026-09-30 15:39:21 | WARNING | CollinRuntime | Command was not executed.
2026-09-30 15:39:21 | INFO | CollinRuntime | Processing command: it can also learn through chat GPT and other a is also if I saw him any tutorial or any I work with mean I saw him that if I say open Instagram so you have to do this then this
2026-09-30 15:39:21 | WARNING | CollinRuntime | Command was not executed.
2026-09-30 15:39:24 | INFO | CollinRuntime | Processing command: video editing
2026-09-30 15:39:24 | WARNING | CollinRuntime | Command was not executed.
2026-09-30 15:39:31 | INFO | CollinRuntime | Processing command: it should do video editing next time take help of AIDS
2026-09-30 15:39:31 | WARNING | CollinRuntime | Command was not executed.
2026-09-30 15:39:32 | INFO | CollinRuntime | Processing command: it should do video editing next time take helps of AIDS
2026-09-30 15:39:32 | WARNING | CollinRuntime | Command was not executed.
2026-09-30 15:39:37 | INFO | CollinRuntime | Processing command: should go out as well
2026-09-30 15:39:37 | WARNING | CollinRuntime | Command was not executed.
2026-09-30 15:39:37 | INFO | CollinRuntime | Processing command: opening capability should go out as well
2026-09-30 15:39:37 | WARNING | CollinRuntime | Command was not executed.
2026-09-30 15:41:32 | INFO | CollinRuntime | Processing command: Nahin dena
2026-09-30 15:41:32 | WARNING | CollinRuntime | Command was not executed.
2026-09-30 15:41:32 | INFO | CollinRuntime | Processing command: Nahin dena
2026-09-30 15:41:32 | WARNING | CollinRuntime | Command was not executed.
2026-09-30 16:01:13 | INFO | TeachingSession | Mouse demonstration recording started.
2026-09-30 16:01:13 | INFO | TeachingSession | COLLIN — LEARNING
2026-09-30 16:01:17 | INFO | TeachingSession | Teaching mouse click recorded at (1277, 73).
2026-09-30 16:01:20 | INFO | TeachingSession | Teaching mouse click recorded at (1104, 607).
2026-09-30 16:01:23 | INFO | TeachingSession | Teaching mouse click recorded at (942, 13).
2026-09-30 16:01:25 | INFO | TeachingSession | Teaching mouse click recorded at (1278, 71).
2026-09-30 16:01:27 | INFO | TeachingSession | Teaching mouse click recorded at (1296, 539).
2026-09-30 16:01:29 | INFO | TeachingSession | Teaching mouse click recorded at (244, 330).
2026-09-30 16:01:38 | INFO | TeachingSession | COLLIN — LEARNED: gemini_live_captions
2026-09-30 16:47:40 | INFO | CollinRuntime | Processing command: Hasan vah Band Karke aao
2026-09-30 16:47:40 | WARNING | CollinRuntime | Command was not executed.
2026-09-30 16:51:53 | INFO | CollinRuntime | Processing command: Hasan TV band karo
2026-09-30 16:51:53 | WARNING | CollinRuntime | Command was not executed.
2026-09-30 16:55:49 | INFO | CollinRuntime | Processing command: cal aapki bahan Ko Bhi Raat
2026-09-30 16:55:49 | WARNING | CollinRuntime | Command was not executed.
2026-09-30 18:07:14 | INFO | CollinRuntime | Processing command: sabse pahle
2026-09-30 18:07:14 | WARNING | CollinRuntime | Command was not executed.
2026-09-30 20:52:38 | INFO | CollinRuntime | Processing command: you are getting
2026-09-30 20:52:38 | WARNING | CollinRuntime | Command was not executed.
2026-09-30 20:52:41 | INFO | CollinRuntime | Processing command: your marketing
2026-09-30 20:52:41 | WARNING | CollinRuntime | Command was not executed.
2026-09-30 20:52:50 | INFO | CollinRuntime | Processing command: first of all calling second of all I need it just for the church
2026-09-30 20:52:50 | WARNING | CollinRuntime | Command was not executed.
2026-09-30 20:52:59 | INFO | CollinRuntime | Processing command: all in one open the chrome and he want to see the database
2026-09-30 20:52:59 | WARNING | CollinRuntime | Command was not executed.
2026-09-30 20:53:06 | INFO | CollinRuntime | Processing command: seeing task will be performed in the background
2026-09-30 20:53:06 | WARNING | CollinRuntime | Command was not executed.
2026-09-30 20:53:15 | INFO | CollinRuntime | Processing command: Colin can open the new tab but that tab will not occur on
2026-09-30 20:53:15 | WARNING | CollinRuntime | Command was not executed.
2026-09-30 20:53:21 | INFO | CollinRuntime | Processing command: the whatever profile will be open first
2026-09-30 20:53:21 | WARNING | CollinRuntime | Command was not executed.
2026-09-30 20:53:28 | INFO | CollinRuntime | Processing command: that 4GB
2026-09-30 20:53:28 | WARNING | CollinRuntime | Command was not executed.
2026-09-30 20:53:41 | INFO | CollinRuntime | Processing command: in that profile that Chrome profile if you don't open then it switch the profile and then tries there if it open so then
2026-09-30 20:53:41 | WARNING | CollinRuntime | Command was not executed.
2026-09-30 20:53:45 | INFO | CollinRuntime | Processing command: will be saved in its
2026-09-30 20:53:45 | WARNING | CollinRuntime | Command was not executed.
2026-09-30 20:53:50 | INFO | CollinRuntime | Processing command: not in the chat with database it will be
2026-09-30 20:53:50 | WARNING | CollinRuntime | Command was not executed.
2026-09-30 20:54:02 | INFO | CollinRuntime | Processing command: it will save their and how it will save you will give me a command that first of all give him the
2026-09-30 20:54:02 | WARNING | CollinRuntime | Command was not executed.
2026-09-30 20:54:31 | INFO | CollinRuntime | Processing command: new table open but it will not come in my screen second it will give the if conditions like if the link not works then switch the profile if it works don't set up a fight then in the end the command don't and just give the line that paste the thing
2026-09-30 20:54:31 | WARNING | CollinRuntime | Command was not executed.
2026-09-30 20:54:39 | INFO | CollinRuntime | Processing command: call inland then I after that I will start learn this
2026-09-30 20:54:39 | WARNING | CollinRuntime | Command was not executed.
2026-09-30 20:55:07 | INFO | CollinRuntime | Processing command: online automatically copy the land procedure into my clipboard I paste it in that that terminal area then click enter command Run that procedure saving the permanent memory and currently also when I stop learning I say stop learning it's stills open the chat
2026-09-30 20:55:07 | WARNING | CollinRuntime | Command was not executed.
2026-09-30 20:55:14 | INFO | CollinRuntime | Processing command: and also paste it here
2026-09-30 20:55:14 | WARNING | CollinRuntime | Command was not executed.
2026-09-30 20:55:25 | INFO | CollinRuntime | Processing command: what you have learnt also open new chat again instead of just pasting it on the focused textbook
2026-09-30 20:55:25 | WARNING | CollinRuntime | Command was not executed.
2026-09-30 20:57:08 | INFO | CollinRuntime | Processing command: no no no no no no
2026-09-30 20:57:08 | WARNING | CollinRuntime | Command was not executed.
2026-09-30 20:57:13 | INFO | CollinRuntime | Processing command: speak it how to switch profile
2026-09-30 20:57:13 | WARNING | CollinRuntime | Command was not executed.
2026-09-30 20:57:16 | INFO | CollinRuntime | Processing command: profile
2026-09-30 20:57:16 | WARNING | CollinRuntime | Command was not executed.
2026-09-30 20:57:29 | INFO | CollinRuntime | Processing command: it copy the land procedure into my clipboard and in the terminal you have to give the command that ends with
2026-09-30 20:57:29 | WARNING | CollinRuntime | Command was not executed.
2026-09-30 20:58:08 | INFO | CollinRuntime | Processing command: I will paste the learn procedure that Colony automatically copied into my clipboard and I will paste it there had entered then it will save that procedure into the permanent memory permanent database that is just database is also the permanent database but that procedure will not be saved in
2026-09-30 20:58:08 | WARNING | CollinRuntime | Command was not executed.
2026-09-30 20:59:02 | INFO | CollinRuntime | Processing command: mean I want the command that first create
2026-09-30 20:59:02 | WARNING | CollinRuntime | Command was not executed.
2026-09-30 20:59:07 | INFO | CollinRuntime | Processing command: creates if situation
2026-09-30 20:59:07 | WARNING | CollinRuntime | Command was not executed.
2026-09-30 20:59:10 | INFO | CollinRuntime | Processing command: ground situation
2026-09-30 20:59:10 | WARNING | CollinRuntime | Command was not executed.
2026-09-30 20:59:16 | INFO | CollinRuntime | Processing command: then also that command gives my childhood chat link
2026-09-30 20:59:16 | WARNING | CollinRuntime | Command was not executed.
2026-09-30 20:59:20 | INFO | CollinRuntime | Processing command: in the end
2026-09-30 20:59:20 | WARNING | CollinRuntime | Command was not executed.
2026-09-30 20:59:24 | INFO | CollinRuntime | Processing command: procedure land Pro
2026-09-30 20:59:24 | WARNING | CollinRuntime | Command was not executed.
2026-09-30 21:01:18 | INFO | CollinRuntime | Processing command: before
2026-09-30 21:01:18 | WARNING | CollinRuntime | Command was not executed.
2026-09-30 21:01:30 | INFO | CollinRuntime | Processing command: command we want first the learn learning fix the learning system that it copies the command
2026-09-30 21:01:30 | WARNING | CollinRuntime | Command was not executed.
2026-09-30 21:01:40 | INFO | CollinRuntime | Processing command: textbox only not don't open the
2026-09-30 21:01:40 | WARNING | CollinRuntime | Command was not executed.
2026-09-30 21:03:00 | INFO | CollinRuntime | Processing command: Kabhi
2026-09-30 21:03:00 | WARNING | CollinRuntime | Command was not executed.
2026-09-30 21:04:53 | INFO | CollinRuntime | Processing command: best hair but you have learn
2026-09-30 21:04:53 | WARNING | CollinRuntime | Command was not executed.
2026-09-30 21:05:01 | INFO | CollinRuntime | Processing command: paste what you learnt
2026-09-30 21:05:01 | WARNING | CollinRuntime | Command was not executed.
2026-09-30 21:05:07 | INFO | CollinRuntime | Processing command: paste what you learnt
2026-09-30 21:05:07 | WARNING | CollinRuntime | Command was not executed.
2026-09-30 21:05:47 | INFO | TeachingSession | Mouse demonstration recording started.
2026-09-30 21:05:47 | INFO | TeachingSession | COLLIN — LEARNING
2026-09-30 21:05:48 | INFO | TeachingSession | Teaching mouse click recorded at (803, 162).
2026-09-30 21:05:50 | INFO | TeachingSession | Teaching mouse click recorded at (1365, 280).
2026-09-30 21:05:51 | INFO | TeachingSession | Teaching mouse click recorded at (1293, 84).
2026-09-30 21:05:53 | INFO | TeachingSession | Teaching mouse click recorded at (1003, 582).
2026-09-30 21:05:54 | INFO | TeachingSession | Teaching mouse click recorded at (565, 537).
2026-09-30 21:05:55 | INFO | TeachingSession | Teaching mouse click recorded at (981, 325).
2026-09-30 21:05:56 | INFO | TeachingSession | Teaching mouse click recorded at (981, 325).
2026-09-30 21:06:01 | INFO | TeachingSession | COLLIN — LEARNED: gemini_live_captions
2026-09-30 21:06:20 | WARNING | CollinRuntime | Cannot process command because Collin is not running.
2026-09-30 21:06:20 | INFO | CollinRuntime | Processing command: paste what I
2026-09-30 21:06:20 | WARNING | CollinRuntime | Command was not executed.
2026-09-30 21:06:25 | INFO | CollinRuntime | Processing command: paste what I learnt
2026-09-30 21:06:25 | WARNING | CollinRuntime | Command was not executed.
2026-09-30 21:08:56 | WARNING | CollinRuntime | Cannot process command because Collin is not running.
2026-09-30 21:08:56 | INFO | CollinRuntime | Processing command: Maine Bhi Ek call karni hai
2026-09-30 21:08:56 | WARNING | CollinRuntime | Command was not executed.
2026-09-30 21:09:29 | WARNING | CollinRuntime | Cannot process command because Collin is not running.
2026-09-30 21:09:34 | WARNING | CollinRuntime | Cannot process command because Collin is not running.
2026-09-30 21:09:34 | INFO | CollinRuntime | Processing command: Walekum Salam
2026-09-30 21:09:34 | WARNING | CollinRuntime | Command was not executed.
2026-09-30 21:10:10 | INFO | CollinRuntime | Processing command: if you are free please let me
2026-09-30 21:10:10 | WARNING | CollinRuntime | Command was not executed.
2026-09-30 21:10:10 | WARNING | CollinRuntime | Cannot process command because Collin is not running.
2026-09-30 21:10:36 | WARNING | CollinRuntime | Cannot process command because Collin is not running.
2026-09-30 21:10:36 | INFO | CollinRuntime | Processing command: Meri aapse baat ho rahi
2026-09-30 21:10:36 | WARNING | CollinRuntime | Command was not executed.
2026-09-30 21:10:42 | WARNING | CollinRuntime | Cannot process command because Collin is not running.
2026-09-30 21:10:42 | INFO | CollinRuntime | Processing command: aur apne
2026-09-30 21:10:42 | WARNING | CollinRuntime | Command was not executed.
2026-09-30 21:10:54 | INFO | CollinRuntime | Processing command: Koi
2026-09-30 21:10:54 | WARNING | CollinRuntime | Command was not executed.
2026-09-30 21:10:54 | WARNING | CollinRuntime | Cannot process command because Collin is not running.
2026-09-30 21:11:22 | INFO | CollinRuntime | Processing command: main aapko discuss various bare mein karna chahta lekin main aapki website Ka Intezar kar raha tha Kyunki aapane bola tha ki aapki website Aaegi
2026-09-30 21:11:22 | WARNING | CollinRuntime | Command was not executed.
2026-09-30 21:12:18 | INFO | CollinRuntime | Processing command: ji
2026-09-30 21:12:18 | WARNING | CollinRuntime | Command was not executed.
2026-09-30 21:12:20 | WARNING | CollinRuntime | Cannot process command because Collin is not running.
2026-09-30 21:12:33 | WARNING | CollinRuntime | Cannot process command because Collin is not running.
2026-09-30 21:12:33 | INFO | CollinRuntime | Processing command: Sar Mein Asal Mein ja raha tha ki aapki
2026-09-30 21:12:33 | WARNING | CollinRuntime | Command was not executed.
2026-09-30 21:12:37 | WARNING | CollinRuntime | Cannot process command because Collin is not running.
2026-09-30 21:12:37 | INFO | CollinRuntime | Processing command: digital wali Botal introduce
2026-09-30 21:12:37 | WARNING | CollinRuntime | Command was not executed.
2026-09-30 21:12:57 | INFO | CollinRuntime | Processing command: Saraswati Mata
2026-09-30 21:12:57 | WARNING | CollinRuntime | Command was not executed.
2026-09-30 21:12:57 | WARNING | CollinRuntime | Cannot process command because Collin is not running.
2026-09-30 21:13:05 | INFO | CollinRuntime | Processing command: PWD ke aaspaas
2026-09-30 21:13:05 | WARNING | CollinRuntime | Command was not executed.
2026-09-30 21:14:22 | INFO | CollinRuntime | Processing command: content cre
2026-09-30 21:14:22 | WARNING | CollinRuntime | Command was not executed.
2026-09-30 21:14:22 | WARNING | CollinRuntime | Cannot process command because Collin is not running.
2026-09-30 21:14:49 | INFO | CollinRuntime | Processing command: contact
2026-09-30 21:14:49 | WARNING | CollinRuntime | Command was not executed.
2026-09-30 21:14:49 | WARNING | CollinRuntime | Cannot process command because Collin is not running.
2026-09-30 21:15:02 | WARNING | CollinRuntime | Cannot process command because Collin is not running.
2026-09-30 21:15:03 | INFO | CollinRuntime | Processing command: lekin usmein kharab ho
2026-09-30 21:15:03 | WARNING | CollinRuntime | Command was not executed.
2026-09-30 21:15:05 | WARNING | CollinRuntime | Cannot process command because Collin is not running.
2026-09-30 21:15:06 | INFO | CollinRuntime | Processing command: use nahin kiya tha
2026-09-30 21:15:06 | WARNING | CollinRuntime | Command was not executed.
2026-09-30 21:15:15 | INFO | CollinRuntime | Processing command: vaise aapko quality
2026-09-30 21:15:15 | WARNING | CollinRuntime | Command was not executed.
2026-09-30 21:15:15 | WARNING | CollinRuntime | Cannot process command because Collin is not running.
2026-09-30 21:15:18 | INFO | CollinRuntime | Processing command: quality
2026-09-30 21:15:18 | WARNING | CollinRuntime | Command was not executed.
2026-09-30 21:15:41 | INFO | CollinRuntime | Processing command: fixed ki acchi baat
2026-09-30 21:15:41 | WARNING | CollinRuntime | Command was not executed.
2026-09-30 21:15:41 | WARNING | CollinRuntime | Cannot process command because Collin is not running.
2026-09-30 21:16:00 | WARNING | CollinRuntime | Cannot process command because Collin is not running.
2026-09-30 21:16:00 | INFO | CollinRuntime | Processing command: lekin sar
2026-09-30 21:16:00 | WARNING | CollinRuntime | Command was not executed.
2026-09-30 21:16:13 | INFO | CollinRuntime | Processing command: usmein 128
2026-09-30 21:16:13 | WARNING | CollinRuntime | Command was not executed.
2026-09-30 21:16:14 | WARNING | CollinRuntime | Cannot process command because Collin is not running.
2026-09-30 21:16:28 | INFO | CollinRuntime | Processing command: plus plus Kahate Hain usko bhi Meri search kiya usmein aapki Char videos per month
2026-09-30 21:16:28 | WARNING | CollinRuntime | Command was not executed.
2026-09-30 21:16:28 | WARNING | CollinRuntime | Cannot process command because Collin is not running.
2026-09-30 21:16:34 | WARNING | CollinRuntime | Cannot process command because Collin is not running.
2026-09-30 21:16:34 | INFO | CollinRuntime | Processing command: $49 per month Ka Hota
2026-09-30 21:16:34 | WARNING | CollinRuntime | Command was not executed.
2026-09-30 21:16:38 | WARNING | CollinRuntime | Cannot process command because Collin is not running.
2026-09-30 21:16:39 | INFO | CollinRuntime | Processing command: lekin Uske bad wala Jo tha vah
2026-09-30 21:16:39 | WARNING | CollinRuntime | Command was not executed.
2026-09-30 21:16:45 | WARNING | CollinRuntime | Cannot process command because Collin is not running.
2026-09-30 21:16:45 | INFO | CollinRuntime | Processing command: Plus sab Kuchh suit Karega agar aap
2026-09-30 21:16:45 | WARNING | CollinRuntime | Command was not executed.
2026-09-30 21:16:57 | WARNING | CollinRuntime | Cannot process command because Collin is not running.
2026-09-30 21:16:57 | INFO | CollinRuntime | Processing command: quality
2026-09-30 21:16:57 | WARNING | CollinRuntime | Command was not executed.
2026-09-30 21:17:00 | WARNING | CollinRuntime | Cannot process command because Collin is not running.
2026-09-30 21:17:01 | INFO | CollinRuntime | Processing command: 2.5
2026-09-30 21:17:01 | WARNING | CollinRuntime | Command was not executed.
2026-09-30 21:17:06 | WARNING | CollinRuntime | Cannot process command because Collin is not running.
2026-09-30 21:17:06 | INFO | CollinRuntime | Processing command: sabse Achcha model hai jo release Hua video generation ke vajah se
2026-09-30 21:17:06 | WARNING | CollinRuntime | Command was not executed.
2026-09-30 21:17:11 | INFO | CollinRuntime | Processing command: beshak acchi rakhega lekin Sar yah credits bahut jyada use
2026-09-30 21:17:11 | WARNING | CollinRuntime | Command was not executed.
2026-09-30 21:17:11 | WARNING | CollinRuntime | Cannot process command because Collin is not running.
2026-09-30 21:17:20 | WARNING | CollinRuntime | Cannot process command because Collin is not running.
2026-09-30 21:17:21 | INFO | CollinRuntime | Processing command: lekin 1000 carat 2.5 se Mushkil Hai Lekin season 2 per ho jayegi
2026-09-30 21:17:21 | WARNING | CollinRuntime | Command was not executed.
2026-09-30 21:17:28 | WARNING | CollinRuntime | Cannot process command because Collin is not running.
2026-09-30 21:17:29 | INFO | CollinRuntime | Processing command: 2.5 per 2 Ho Jaenge do FIR Hamen niche wale
2026-09-30 21:17:29 | WARNING | CollinRuntime | Command was not executed.
2026-09-30 21:17:51 | INFO | CollinRuntime | Processing command: aapko Maine use Din Mein charges batai thi aap Agar speed ka Plus plan Sath Lekar Denge to ek video ka maine aapko 12000 bataya Tha Jo 25 second
2026-09-30 21:17:51 | WARNING | CollinRuntime | Command was not executed.
2026-09-30 21:17:51 | WARNING | CollinRuntime | Cannot process command because Collin is not running.
2026-09-30 21:17:57 | WARNING | CollinRuntime | Cannot process command because Collin is not running.
2026-09-30 21:18:31 | INFO | CollinRuntime | Processing command: 8 videos per aap 60 Chale aap Rakh lena
2026-09-30 21:18:31 | WARNING | CollinRuntime | Command was not executed.
2026-09-30 21:18:49 | WARNING | CollinRuntime | Cannot process command because Collin is not running.
2026-09-30 21:19:14 | WARNING | CollinRuntime | Cannot process command because Collin is not running.
2026-09-30 21:19:15 | INFO | CollinRuntime | Processing command: sir let's go on fibre fibernet kar denge Kyunki uski quality Sahi Rakhna bahut Mushkil kam hai aur aapke
2026-09-30 21:19:15 | WARNING | CollinRuntime | Command was not executed.
2026-09-30 21:19:54 | WARNING | CollinRuntime | Cannot process command because Collin is not running.
2026-09-30 21:19:54 | INFO | CollinRuntime | Processing command: Kitna afford kar sakte hain abhi
2026-09-30 21:19:54 | WARNING | CollinRuntime | Command was not executed.
2026-09-30 21:20:57 | WARNING | CollinRuntime | Cannot process command because Collin is not running.
2026-09-30 21:20:57 | INFO | CollinRuntime | Processing command: abhi aapko
2026-09-30 21:20:57 | WARNING | CollinRuntime | Command was not executed.
2026-09-30 21:21:05 | WARNING | CollinRuntime | Cannot process command because Collin is not running.
2026-09-30 21:21:05 | INFO | CollinRuntime | Processing command: Tushar
2026-09-30 21:21:05 | WARNING | CollinRuntime | Command was not executed.
2026-09-30 21:21:11 | WARNING | CollinRuntime | Cannot process command because Collin is not running.
2026-09-30 21:21:11 | INFO | CollinRuntime | Processing command: usmein bhi budget Lagta Hai Lekin
2026-09-30 21:21:11 | WARNING | CollinRuntime | Command was not executed.
2026-09-30 21:21:22 | WARNING | CollinRuntime | Cannot process command because Collin is not running.
2026-09-30 21:21:34 | WARNING | CollinRuntime | Cannot process command because Collin is not running.
2026-09-30 21:21:35 | INFO | CollinRuntime | Processing command: aapki bahut se collects Piche yani Nahin aapke pass Aane deta hoga to Main isase Bhi Tarah aapko Ek Idea Dunga kya organic social media content Lagaya Karen ads to Ek Do Din Ki Baat Hoti Hai Uske bad Mushkil hota hai kya hai customer paise
2026-09-30 21:21:35 | WARNING | CollinRuntime | Command was not executed.
2026-09-30 21:22:10 | INFO | CollinRuntime | Processing command: shrabi aapka Kitna Lena bahut
2026-09-30 21:22:10 | WARNING | CollinRuntime | Command was not executed.
2026-09-30 21:22:11 | WARNING | CollinRuntime | Cannot process command because Collin is not running.
2026-09-30 21:22:17 | WARNING | CollinRuntime | Cannot process command because Collin is not running.
2026-09-30 21:22:17 | INFO | CollinRuntime | Processing command: Motors ka Kitna lineup taiyar Ho Gaya
2026-09-30 21:22:17 | WARNING | CollinRuntime | Command was not executed.
2026-09-30 21:22:25 | INFO | CollinRuntime | Processing command: Sar main poochh raha hun aapka bottles ki lineup Mein Kitni bottles a chuki hai
2026-09-30 21:22:25 | WARNING | CollinRuntime | Command was not executed.
2026-09-30 21:22:25 | WARNING | CollinRuntime | Cannot process command because Collin is not running.
2026-09-30 21:22:49 | INFO | CollinRuntime | Processing command: 6 wali aap ki price
2026-09-30 21:22:49 | WARNING | CollinRuntime | Command was not executed.
2026-09-30 21:22:50 | WARNING | CollinRuntime | Cannot process command because Collin is not running.
2026-09-30 21:23:07 | WARNING | CollinRuntime | Cannot process command because Collin is not running.
2026-09-30 21:23:08 | INFO | CollinRuntime | Processing command: wholesale prices of de sakte hain wholesale price
2026-09-30 21:23:08 | WARNING | CollinRuntime | Command was not executed.
2026-09-30 21:23:15 | WARNING | CollinRuntime | Cannot process command because Collin is not running.
2026-09-30 21:23:15 | INFO | CollinRuntime | Processing command: Sar main apni baat to karna message main aapko bataya tha na ki shops vagera
2026-09-30 21:23:15 | WARNING | CollinRuntime | Command was not executed.
2026-09-30 21:23:35 | WARNING | CollinRuntime | Cannot process command because Collin is not running.
2026-09-30 21:23:35 | INFO | CollinRuntime | Processing command: sarson no problem
2026-09-30 21:23:35 | WARNING | CollinRuntime | Command was not executed.
2026-09-30 21:24:00 | WARNING | CollinRuntime | Cannot process command because Collin is not running.
2026-09-30 21:24:01 | INFO | CollinRuntime | Processing command: search shops ka jo mostly shop Dedh litre 500 ml wali kam karte hain Kyunki
2026-09-30 21:24:02 | INFO | CollinRuntime | Command executed successfully.
2026-09-30 21:24:18 | INFO | CollinRuntime | Processing command: to kab tak aapka
2026-09-30 21:24:18 | WARNING | CollinRuntime | Command was not executed.
2026-09-30 21:24:18 | WARNING | CollinRuntime | Cannot process command because Collin is not running.
2026-09-30 21:24:52 | INFO | CollinRuntime | Processing command: Jab aapki yah lineup ful ho jaaye
2026-09-30 21:24:52 | WARNING | CollinRuntime | Command was not executed.
2026-09-30 21:24:53 | WARNING | CollinRuntime | Cannot process command because Collin is not running.
2026-09-30 21:25:02 | WARNING | CollinRuntime | Cannot process command because Collin is not running.
2026-09-30 21:25:03 | INFO | CollinRuntime | Processing command: mujhe please inform kar dijiyega Uske bad Agar Main shops ke pass Jaunga restaurant se main baat karta hun
2026-09-30 21:25:03 | WARNING | CollinRuntime | Command was not executed.
2026-09-30 21:25:09 | INFO | CollinRuntime | Processing command: restaurants ko
2026-09-30 21:25:09 | WARNING | CollinRuntime | Command was not executed.
2026-09-30 21:25:11 | WARNING | CollinRuntime | Cannot process command because Collin is not running.
2026-09-30 21:25:13 | INFO | CollinRuntime | Processing command: unko 20
2026-09-30 21:25:13 | WARNING | CollinRuntime | Command was not executed.
2026-09-30 21:25:25 | INFO | CollinRuntime | Processing command: Sar main Kah Raha Tha ki abhi aapki Jab Dedh litre of 500 to mujhe inform kar dijiyega Kab Tak Main aapki
2026-09-30 21:25:25 | WARNING | CollinRuntime | Command was not executed.
2026-09-30 21:25:25 | WARNING | CollinRuntime | Cannot process command because Collin is not running.
2026-09-30 21:25:43 | WARNING | CollinRuntime | Cannot process command because Collin is not running.
2026-09-30 21:25:43 | INFO | CollinRuntime | Processing command: yes yes
2026-09-30 21:25:43 | WARNING | CollinRuntime | Command was not executed.
2026-09-30 21:25:51 | WARNING | CollinRuntime | Cannot process command because Collin is not running.
2026-09-30 21:26:01 | INFO | CollinRuntime | Processing command: full volume 19 l lete hain aur gents 12 to 19
2026-09-30 21:26:01 | WARNING | CollinRuntime | Command was not executed.
2026-09-30 21:26:02 | WARNING | CollinRuntime | Cannot process command because Collin is not running.
2026-09-30 21:26:24 | INFO | CollinRuntime | Processing command: Sar lekin abhi aap face 8 mein pidbluedi se Kafi Dur padta hai to aapki production ho jayegi Yahan Tak
2026-09-30 21:26:24 | WARNING | CollinRuntime | Command was not executed.
2026-09-30 21:26:26 | WARNING | CollinRuntime | Cannot process command because Collin is not running.
2026-09-30 21:27:07 | WARNING | CollinRuntime | Cannot process command because Collin is not running.
2026-09-30 21:27:07 | INFO | CollinRuntime | Processing command: estimate price
2026-09-30 21:27:07 | WARNING | CollinRuntime | Command was not executed.
2026-09-30 21:27:28 | WARNING | CollinRuntime | Cannot process command because Collin is not running.
2026-09-30 21:27:28 | INFO | CollinRuntime | Processing command: Insha Allah
2026-09-30 21:27:28 | WARNING | CollinRuntime | Command was not executed.
2026-09-30 21:27:44 | WARNING | CollinRuntime | Cannot process command because Collin is not running.
2026-09-30 21:27:44 | INFO | CollinRuntime | Processing command: filhal main aapki Kaise delete file
2026-09-30 21:27:44 | WARNING | CollinRuntime | Command was not executed.
2026-09-30 21:27:56 | WARNING | CollinRuntime | Cannot process command because Collin is not running.
2026-09-30 21:27:56 | INFO | CollinRuntime | Processing command: residential areas may be shop
2026-09-30 21:27:56 | WARNING | CollinRuntime | Command was not executed.
2026-09-30 21:28:06 | WARNING | CollinRuntime | Cannot process command because Collin is not running.
2026-09-30 21:28:48 | WARNING | CollinRuntime | Cannot process command because Collin is not running.
2026-09-30 21:28:48 | INFO | CollinRuntime | Processing command: Sar yah details is most share Nahin karte
2026-09-30 21:28:48 | WARNING | CollinRuntime | Command was not executed.
2026-09-30 21:30:29 | INFO | TeachingSession | Mouse demonstration recording started.
2026-09-30 21:30:29 | INFO | TeachingSession | COLLIN — LEARNING
2026-09-30 21:30:33 | INFO | TeachingSession | Teaching mouse click recorded at (1297, 77).
2026-09-30 21:30:35 | INFO | TeachingSession | Teaching mouse click recorded at (1027, 569).
2026-09-30 21:30:40 | INFO | TeachingSession | COLLIN — LEARNED: gemini_live_captions
2026-09-30 21:30:46 | WARNING | CollinRuntime | Cannot process command because Collin is not running.
2026-09-30 21:30:46 | INFO | CollinRuntime | Processing command: paste what I learn
2026-09-30 21:30:46 | WARNING | CollinRuntime | Command was not executed.
2026-09-30 21:33:01 | INFO | CollinRuntime | Collin is already stopped.
2026-09-30 21:33:24 | INFO | TeachingSession | Mouse demonstration recording started.
2026-09-30 21:33:24 | INFO | TeachingSession | COLLIN — LEARNING
2026-09-30 21:33:28 | INFO | TeachingSession | Teaching mouse click recorded at (1284, 85).
2026-09-30 21:33:30 | INFO | TeachingSession | Teaching mouse click recorded at (1063, 579).
2026-09-30 21:33:31 | INFO | TeachingSession | Teaching mouse click recorded at (853, 466).
2026-09-30 21:33:33 | INFO | TeachingSession | Teaching mouse click recorded at (784, 371).
2026-09-30 21:33:39 | INFO | TeachingSession | COLLIN — LEARNED: gemini_live_captions
2026-09-30 21:33:57 | WARNING | CollinRuntime | Cannot process command because Collin is not running.
2026-09-30 21:33:57 | INFO | CollinRuntime | Processing command: waste what I learnt
2026-09-30 21:33:57 | WARNING | CollinRuntime | Command was not executed.
2026-09-30 21:34:02 | INFO | CollinRuntime | Processing command: paste what I learnt
2026-09-30 21:34:02 | WARNING | CollinRuntime | Command was not executed.
2026-09-30 21:42:21 | INFO | CollinRuntime | Collin is already stopped.
2026-09-30 21:42:57 | INFO | TeachingSession | Semantic mouse demonstration recording started.
2026-09-30 21:42:57 | INFO | TeachingSession | COLLIN — LEARNING
2026-09-30 21:43:03 | INFO | TeachingSession | Semantic UI click learned: {'visible_text': 'Tripcue', 'control_type': 'Button', 'class_name': 'AvatarToolbarButton', 'shape': 'approximately_square_or_round', 'color': 'unknown', 'size': 'small', 'nearby_text': ['Back', 'Forward', 'Reload', 'Tripcue', 'Chrome']}
2026-09-30 21:43:04 | INFO | TeachingSession | Semantic UI click learned: {'visible_text': 'Siddeeq', 'control_type': 'Button', 'class_name': 'MenuButtonRowView', 'shape': 'wide_rectangle', 'color': 'unknown', 'size': 'medium', 'nearby_text': ['Siddeeq']}
2026-09-30 21:43:09 | INFO | TeachingSession | COLLIN — LEARNED: gemini_live_captions
2026-09-30 21:43:20 | INFO | CollinRuntime | Processing command: paste what I learnt
2026-09-30 21:43:20 | WARNING | CollinRuntime | Command was not executed.
2026-09-30 21:43:30 | INFO | CollinRuntime | Processing command: paste what I learnt
2026-09-30 21:43:30 | WARNING | CollinRuntime | Command was not executed.
2026-09-30 21:44:05 | INFO | CollinRuntime | Processing command: paste what I learn
2026-09-30 21:44:05 | WARNING | CollinRuntime | Command was not executed.
2026-09-30 21:48:01 | INFO | CollinRuntime | Collin starting...
2026-09-30 21:48:01 | INFO | CollinRuntime | Collin is running.
2026-09-30 21:48:16 | INFO | CollinRuntime | Processing command: learn
2026-09-30 21:48:16 | WARNING | CollinRuntime | Command was not executed.
2026-09-30 21:48:17 | INFO | TeachingSession | Semantic mouse demonstration recording started.
2026-09-30 21:48:17 | INFO | TeachingSession | COLLIN — LEARNING
2026-09-30 21:48:21 | INFO | TeachingSession | Semantic UI click learned: {'visible_text': 'Tripcue', 'control_type': 'Button', 'class_name': 'AvatarToolbarButton', 'shape': 'approximately_square_or_round', 'color': 'unknown', 'size': 'small', 'nearby_text': ['Back', 'Forward', 'Reload', 'Tripcue', 'Chrome']}
2026-09-30 21:48:23 | INFO | TeachingSession | Semantic UI click learned: {'visible_text': 'Siddeeq', 'control_type': 'Button', 'class_name': 'MenuButtonRowView', 'shape': 'wide_rectangle', 'color': 'unknown', 'size': 'medium', 'nearby_text': ['Siddeeq']}
2026-09-30 21:48:28 | INFO | TeachingSession | COLLIN — LEARNED: learned_procedure
2026-09-30 21:48:36 | INFO | CollinRuntime | Processing command: paste what I learn
2026-09-30 21:48:36 | WARNING | CollinRuntime | Command was not executed.
2026-09-30 21:48:53 | INFO | CollinRuntime | Processing command: Abdul
2026-09-30 21:48:53 | WARNING | CollinRuntime | Command was not executed.
2026-09-30 21:49:17 | INFO | CollinRuntime | Processing command: paste what I learn
2026-09-30 21:49:17 | WARNING | CollinRuntime | Command was not executed.
2026-09-30 21:49:29 | INFO | CollinRuntime | Processing command: 10 ghante Tak
2026-09-30 21:49:29 | WARNING | CollinRuntime | Command was not executed.
2026-09-30 21:55:25 | INFO | CollinRuntime | Collin starting...
2026-09-30 21:55:25 | INFO | CollinRuntime | Collin is running.
2026-09-30 21:55:51 | INFO | CollinRuntime | Processing command: learn it
2026-09-30 21:55:51 | WARNING | CollinRuntime | Command was not executed.
2026-09-30 21:55:51 | INFO | CollinRuntime | Processing command: learn it
2026-09-30 21:55:51 | WARNING | CollinRuntime | Command was not executed.
2026-09-30 21:55:57 | INFO | CollinRuntime | Processing command: learn it
2026-09-30 21:55:57 | WARNING | CollinRuntime | Command was not executed.
2026-09-30 21:55:57 | INFO | CollinRuntime | Processing command: learn it
2026-09-30 21:55:57 | WARNING | CollinRuntime | Command was not executed.
2026-09-30 21:56:59 | INFO | CollinRuntime | Collin stopping...
2026-09-30 21:56:59 | INFO | CollinRuntime | Collin stopped.
2026-09-30 21:57:52 | INFO | CollinRuntime | Collin starting...
2026-09-30 21:57:52 | INFO | CollinRuntime | Collin is running.
2026-09-30 21:58:09 | INFO | CollinRuntime | Processing command: learn it
2026-09-30 21:58:09 | WARNING | CollinRuntime | Command was not executed.
2026-09-30 21:58:09 | INFO | TeachingSession | Semantic mouse demonstration recording started.
2026-09-30 21:58:09 | INFO | TeachingSession | COLLIN — LEARNING
2026-09-30 21:58:15 | INFO | TeachingSession | Semantic UI click learned: {'visible_text': 'Tripcue', 'control_type': 'Button', 'class_name': 'AvatarToolbarButton', 'shape': 'approximately_square_or_round', 'color': 'unknown', 'size': 'small', 'nearby_text': ['Back', 'Forward', 'Reload', 'Tripcue', 'Chrome']}
2026-09-30 21:58:18 | INFO | TeachingSession | Semantic UI click learned: {'visible_text': 'Siddeeq', 'control_type': 'Button', 'class_name': 'MenuButtonRowView', 'shape': 'wide_rectangle', 'color': 'unknown', 'size': 'medium', 'nearby_text': ['Siddeeq']}
2026-09-30 21:58:28 | INFO | TeachingSession | COLLIN — LEARNED: learned_procedure
2026-09-30 22:01:42 | INFO | CollinRuntime | Collin starting...
2026-09-30 22:01:42 | INFO | CollinRuntime | Collin is running.
2026-09-30 22:02:06 | INFO | CollinRuntime | Processing command: learn it
2026-09-30 22:02:06 | WARNING | CollinRuntime | Command was not executed.
2026-09-30 22:02:19 | INFO | TeachingSession | Semantic mouse demonstration recording started.
2026-09-30 22:02:19 | INFO | TeachingSession | COLLIN — LEARNING
2026-09-30 22:02:19 | INFO | CollinRuntime | Processing command: learn
2026-09-30 22:02:19 | WARNING | CollinRuntime | Command was not executed.
2026-09-30 22:02:27 | INFO | TeachingSession | Semantic UI click learned: {'visible_text': 'Tripcue', 'control_type': 'Button', 'class_name': 'AvatarToolbarButton', 'shape': 'approximately_square_or_round', 'color': 'unknown', 'size': 'small', 'nearby_text': ['Back', 'Forward', 'Reload', 'Tripcue', 'Chrome']}
2026-09-30 22:02:28 | INFO | TeachingSession | Semantic UI click learned: {'visible_text': 'Siddeeq', 'control_type': 'Button', 'class_name': 'MenuButtonRowView', 'shape': 'wide_rectangle', 'color': 'unknown', 'size': 'medium', 'nearby_text': ['Siddeeq']}
2026-09-30 22:02:29 | INFO | TeachingSession | Semantic UI click learned: {'visible_text': '', 'control_type': 'Pane', 'class_name': 'Chrome_WidgetWin_1', 'shape': 'horizontal_rectangle', 'color': 'unknown', 'size': 'large', 'nearby_text': []}
2026-09-30 22:02:35 | INFO | TeachingSession | COLLIN — LEARNED: learned_procedure
2026-09-30 22:02:47 | INFO | CollinRuntime | Processing command: paste what I learnt
2026-09-30 22:02:47 | WARNING | CollinRuntime | Command was not executed.
2026-09-30 22:03:26 | INFO | CollinRuntime | Processing command: stop
2026-09-30 22:03:26 | WARNING | CollinRuntime | Command was not executed.
2026-09-30 22:07:26 | INFO | CollinRuntime | Processing command: computer users ke bad
2026-09-30 22:07:26 | WARNING | CollinRuntime | Command was not executed.
2026-09-30 22:07:26 | INFO | CollinRuntime | Processing command: computer users ke bad
2026-09-30 22:07:26 | WARNING | CollinRuntime | Command was not executed.
2026-09-30 22:07:39 | INFO | CollinRuntime | Processing command: Pentagon
2026-09-30 22:07:39 | WARNING | CollinRuntime | Command was not executed.
2026-09-30 22:07:40 | INFO | CollinRuntime | Processing command: Pentagon
2026-09-30 22:07:40 | WARNING | CollinRuntime | Command was not executed.
2026-09-30 22:07:54 | INFO | CollinRuntime | Processing command: Chhati apni
2026-09-30 22:07:54 | WARNING | CollinRuntime | Command was not executed.
2026-09-30 22:07:54 | INFO | CollinRuntime | Processing command: Chhati apni
2026-09-30 22:07:54 | WARNING | CollinRuntime | Command was not executed.
2026-09-30 22:09:04 | INFO | CollinRuntime | Processing command: Kiska Gaddam shaadi
2026-09-30 22:09:04 | WARNING | CollinRuntime | Command was not executed.
2026-09-30 22:09:04 | INFO | CollinRuntime | Processing command: Kiska Gaddam shaadi
2026-09-30 22:09:04 | WARNING | CollinRuntime | Command was not executed.
2026-09-30 22:11:08 | INFO | CollinRuntime | Processing command: computer
2026-09-30 22:11:08 | WARNING | CollinRuntime | Command was not executed.
2026-09-30 22:11:13 | INFO | CollinRuntime | Processing command: delete kar sakta
2026-09-30 22:11:13 | WARNING | CollinRuntime | Command was not executed.
2026-09-30 22:11:14 | INFO | CollinRuntime | Processing command: lead ka
2026-09-30 22:11:14 | WARNING | CollinRuntime | Command was not executed.
2026-09-30 22:11:19 | INFO | CollinRuntime | Processing command: Band Ho Jaaye
2026-09-30 22:11:19 | WARNING | CollinRuntime | Command was not executed.
2026-09-30 22:11:26 | INFO | CollinRuntime | Processing command: laptop on hoga
2026-09-30 22:11:26 | WARNING | CollinRuntime | Command was not executed.
2026-09-30 22:11:49 | INFO | CollinRuntime | Processing command: Mujhe Kaise Karega
2026-09-30 22:11:49 | WARNING | CollinRuntime | Command was not executed.
2026-09-30 22:11:59 | INFO | CollinRuntime | Processing command: Instagram
2026-09-30 22:11:59 | WARNING | CollinRuntime | Command was not executed.
2026-09-30 22:11:59 | INFO | CollinRuntime | Processing command: Instagram
2026-09-30 22:11:59 | WARNING | CollinRuntime | Command was not executed.
2026-09-30 22:12:38 | INFO | CollinRuntime | Processing command: kya reprogrammed
2026-09-30 22:12:38 | WARNING | CollinRuntime | Command was not executed.
2026-09-30 22:12:38 | INFO | CollinRuntime | Processing command: reprogrammed
2026-09-30 22:12:38 | WARNING | CollinRuntime | Command was not executed.
2026-09-30 22:12:54 | INFO | CollinRuntime | Collin stopping...
2026-09-30 22:12:54 | INFO | CollinRuntime | Collin stopped.
2026-09-30 22:13:03 | INFO | CollinRuntime | Processing command: abhi video drink
2026-09-30 22:13:03 | WARNING | CollinRuntime | Command was not executed.
2026-09-30 22:14:18 | INFO | CollinRuntime | Processing command: yah usko Bataye Kya video
2026-09-30 22:14:18 | WARNING | CollinRuntime | Command was not executed.
2026-09-30 22:17:47 | INFO | CollinRuntime | Processing command: everything is possible
2026-09-30 22:17:47 | WARNING | CollinRuntime | Command was not executed.
2026-09-30 22:18:33 | INFO | CollinRuntime | Processing command: with the help of child
2026-09-30 22:18:33 | WARNING | CollinRuntime | Command was not executed.
2026-09-30 22:20:08 | INFO | CollinRuntime | Processing command: PO
2026-09-30 22:20:08 | WARNING | CollinRuntime | Command was not executed.
2026-09-30 22:22:25 | INFO | CollinRuntime | Processing command: confidential hai
2026-09-30 22:22:25 | WARNING | CollinRuntime | Command was not executed.
2026-09-30 22:23:53 | INFO | CollinRuntime | Processing command: opinion
2026-09-30 22:23:53 | WARNING | CollinRuntime | Command was not executed.
2026-09-30 22:24:04 | INFO | CollinRuntime | Processing command: hello
2026-09-30 22:24:04 | WARNING | CollinRuntime | Command was not executed.
2026-09-30 22:24:50 | INFO | CollinRuntime | Processing command: 1%
2026-09-30 22:24:50 | WARNING | CollinRuntime | Command was not executed.
2026-10-01 14:28:55 | INFO | CollinRuntime | Collin starting...
2026-10-01 14:28:55 | INFO | CollinRuntime | Collin is running.
2026-10-01 14:32:37 | INFO | CollinRuntime | Collin starting...
2026-10-01 14:32:37 | INFO | CollinRuntime | Collin is running.
2026-10-01 14:40:51 | INFO | TeachingSession | Semantic mouse demonstration recording started.
2026-10-01 14:40:51 | INFO | TeachingSession | COLLIN — LEARNING
2026-10-01 14:40:56 | INFO | TeachingSession | Semantic UI click learned: {'visible_text': '', 'control_type': 'Pane', 'class_name': 'Chrome_WidgetWin_1', 'shape': 'horizontal_rectangle', 'color': 'unknown', 'size': 'large', 'nearby_text': []}
2026-10-01 14:40:57 | INFO | TeachingSession | Semantic UI click learned: {'visible_text': 'chatgpt - Google Search', 'control_type': 'Document', 'class_name': '', 'shape': 'horizontal_rectangle', 'color': 'unknown', 'size': 'large', 'nearby_text': ['chatgpt - Google Search']}
2026-10-01 14:41:05 | INFO | TeachingSession | Semantic UI click learned: {'visible_text': '', 'control_type': 'Group', 'class_name': 'not-keyboard-focused:outline-none min-h-0 flex-1', 'shape': 'horizontal_rectangle', 'color': 'unknown', 'size': 'large', 'nearby_text': ['Skip to content', 'Chat history', 'Chat history', 'Tripcue Free, open profile menu']}
2026-10-01 14:41:06 | INFO | TeachingSession | Semantic UI click learned: {'visible_text': '', 'control_type': 'Group', 'class_name': 'not-keyboard-focused:outline-none min-h-0 flex-1', 'shape': 'horizontal_rectangle', 'color': 'unknown', 'size': 'large', 'nearby_text': ['Skip to content', 'Chat history', 'Chat history', 'Tripcue Free, open profile menu']}
2026-10-01 14:41:07 | INFO | TeachingSession | Semantic UI click learned: {'visible_text': '', 'control_type': 'Group', 'class_name': 'not-keyboard-focused:outline-none min-h-0 flex-1', 'shape': 'horizontal_rectangle', 'color': 'unknown', 'size': 'large', 'nearby_text': ['Skip to content', 'Chat history', 'Chat history', 'Tripcue Free, open profile menu']}
2026-10-01 14:41:36 | INFO | TeachingSession | COLLIN — LEARNED: learned_procedure
2026-10-01 14:43:09 | INFO | CollinRuntime | Processing command: stop learning yaar
2026-10-01 14:43:09 | WARNING | CollinRuntime | Command was not executed.
2026-10-01 14:44:17 | INFO | CollinRuntime | Collin starting...
2026-10-01 14:44:17 | INFO | CollinRuntime | Collin is running.
2026-10-01 14:45:10 | INFO | TeachingSession | Semantic mouse demonstration recording started.
2026-10-01 14:45:10 | INFO | TeachingSession | COLLIN — LEARNING
2026-10-01 14:45:11 | INFO | TeachingSession | Semantic mouse demonstration recording started.
2026-10-01 14:45:11 | INFO | TeachingSession | COLLIN — LEARNING
2026-10-01 14:45:14 | INFO | TeachingSession | Semantic UI click learned: {'visible_text': 'Ask Google', 'control_type': 'ComboBox', 'class_name': '', 'shape': 'wide_rectangle', 'color': 'unknown', 'size': 'large', 'nearby_text': ['Enhance your search with tabs, files, or an AI tool', 'Ask Google', 'Search by voice', 'Search by image', 'Ask AI Mode in Google Search', 'Do more with AI Mode Create, summarize, plan']}
2026-10-01 14:45:15 | INFO | TeachingSession | Semantic UI click learned: {'visible_text': 'Ask Google', 'control_type': 'ComboBox', 'class_name': '', 'shape': 'wide_rectangle', 'color': 'unknown', 'size': 'large', 'nearby_text': ['Enhance your search with tabs, files, or an AI tool', 'Ask Google', 'Ask AI Mode in Google Search', 'Do more with AI Mode Create, summarize, plan', 'Create images Reimagine, illustrate, edit', 'Add shortcut']}
2026-10-01 14:45:19 | INFO | TeachingSession | Semantic UI click learned: {'visible_text': '', 'control_type': 'Document', 'class_name': '', 'shape': 'horizontal_rectangle', 'color': 'unknown', 'size': 'large', 'nearby_text': ['Enhance your search with tabs, files, or an AI tool', 'Ask Google', 'Ask AI Mode in Google Search', 'Do more with AI Mode Create, summarize, plan', 'Create images Reimagine, illustrate, edit', 'Add shortcut']}
2026-10-01 14:45:19 | INFO | TeachingSession | Semantic UI click learned: {'visible_text': 'chatgpt search from history, press Tab then Enter to Remove Suggestion., Google Search', 'control_type': 'ListItem', 'class_name': '', 'shape': 'wide_rectangle', 'color': 'unknown', 'size': 'large', 'nearby_text': ['chatgpt search from history, press Tab then Enter to Remove Suggestion., Google Search', 'chat search from history, press Tab then Enter to Remove Suggestion.', 'chatgtp search from history, press Tab then Enter to Remove Suggestion.', 'chatgpt login search suggestion', 'chatgpt free search suggestion', 'chatgpt download search suggestion']}
2026-10-01 14:45:22 | INFO | TeachingSession | Semantic UI click learned: {'visible_text': 'ChatGPT: Chat, Work, Create & Code with AI', 'control_type': 'Text', 'class_name': 'LC20lb MBeuO DKV0Md', 'shape': 'wide_rectangle', 'color': 'unknown', 'size': 'medium', 'nearby_text': ['ChatGPT: Chat, Work, Create & Code with AI']}
2026-10-01 14:45:23 | INFO | TeachingSession | Semantic UI click learned: {'visible_text': 'ChatGPT: Chat, Work, Create & Code with AI', 'control_type': 'Text', 'class_name': 'LC20lb MBeuO DKV0Md', 'shape': 'wide_rectangle', 'color': 'unknown', 'size': 'medium', 'nearby_text': ['ChatGPT: Chat, Work, Create & Code with AI']}
2026-10-01 14:45:29 | INFO | TeachingSession | Semantic UI click learned: {'visible_text': '', 'control_type': 'Group', 'class_name': 'not-keyboard-focused:outline-none min-h-0 flex-1', 'shape': 'horizontal_rectangle', 'color': 'unknown', 'size': 'large', 'nearby_text': ['Skip to content', 'Chat history', 'Chat history', 'Tripcue Free, open profile menu']}
2026-10-01 14:45:29 | INFO | TeachingSession | Semantic UI click learned: {'visible_text': '', 'control_type': 'Group', 'class_name': 'not-keyboard-focused:outline-none min-h-0 flex-1', 'shape': 'horizontal_rectangle', 'color': 'unknown', 'size': 'large', 'nearby_text': ['Skip to content', 'Chat history', 'Chat history', 'Tripcue Free, open profile menu']}
2026-10-01 14:45:30 | INFO | TeachingSession | Semantic UI click learned: {'visible_text': 'Chat with ChatGPT', 'control_type': 'Edit', 'class_name': 'wcDTda_fallbackTextarea', 'shape': 'wide_rectangle', 'color': 'unknown', 'size': 'medium', 'nearby_text': ['How can I help, Tripcue ?', 'Add files and more', 'Chat with ChatGPT', 'Think', 'Send prompt']}
2026-10-01 14:45:30 | INFO | TeachingSession | Semantic UI click learned: {'visible_text': 'Chat with ChatGPT', 'control_type': 'Edit', 'class_name': 'wcDTda_fallbackTextarea', 'shape': 'wide_rectangle', 'color': 'unknown', 'size': 'medium', 'nearby_text': ['How can I help, Tripcue ?', 'Add files and more', 'Chat with ChatGPT', 'Think', 'Send prompt']}
2026-10-01 14:45:43 | INFO | TeachingSession | Semantic UI click learned: {'visible_text': '', 'control_type': 'Group', 'class_name': 'not-keyboard-focused:outline-none min-h-0 flex-1', 'shape': 'horizontal_rectangle', 'color': 'unknown', 'size': 'large', 'nearby_text': ['Skip to content', 'Chat history', 'Chat history', 'Tripcue Free, open profile menu']}
2026-10-01 14:45:43 | INFO | TeachingSession | Semantic UI click learned: {'visible_text': '', 'control_type': 'Group', 'class_name': 'not-keyboard-focused:outline-none min-h-0 flex-1', 'shape': 'horizontal_rectangle', 'color': 'unknown', 'size': 'large', 'nearby_text': ['Skip to content', 'Chat history', 'Chat history', 'Tripcue Free, open profile menu']}
2026-10-01 14:45:47 | INFO | TeachingSession | Semantic UI click learned: {'visible_text': 'hu', 'control_type': 'Edit', 'class_name': 'ProseMirror ProseMirror-focused', 'shape': 'wide_rectangle', 'color': 'unknown', 'size': 'medium', 'nearby_text': ['Add files and more', 'hu', 'Think', 'Start dictation', 'Send prompt']}
2026-10-01 14:45:47 | INFO | TeachingSession | Semantic UI click learned: {'visible_text': 'hu', 'control_type': 'Edit', 'class_name': 'ProseMirror ProseMirror-focused', 'shape': 'wide_rectangle', 'color': 'unknown', 'size': 'medium', 'nearby_text': ['Add files and more', 'hu', 'Think', 'Start dictation', 'Send prompt']}
2026-10-01 14:45:50 | INFO | TeachingSession | Semantic UI click learned: {'visible_text': '', 'control_type': 'Group', 'class_name': 'not-keyboard-focused:outline-none min-h-0 flex-1', 'shape': 'horizontal_rectangle', 'color': 'unknown', 'size': 'large', 'nearby_text': ['Skip to content', 'Chat history', 'Chat history', 'Tripcue Free, open profile menu']}
2026-10-01 14:45:50 | INFO | TeachingSession | Semantic UI click learned: {'visible_text': '', 'control_type': 'Group', 'class_name': 'not-keyboard-focused:outline-none min-h-0 flex-1', 'shape': 'horizontal_rectangle', 'color': 'unknown', 'size': 'large', 'nearby_text': ['Skip to content', 'Chat history', 'Chat history', 'Tripcue Free, open profile menu', 'Claim offer']}
2026-10-01 14:46:02 | INFO | TeachingSession | Semantic UI click learned: {'visible_text': '', 'control_type': 'Group', 'class_name': 'not-keyboard-focused:outline-none min-h-0 flex-1', 'shape': 'horizontal_rectangle', 'color': 'unknown', 'size': 'large', 'nearby_text': ['Skip to content', 'Chat history', 'Chat history', 'Tripcue Free, open profile menu', 'Claim offer']}
2026-10-01 14:46:02 | INFO | TeachingSession | Semantic UI click learned: {'visible_text': '', 'control_type': 'Group', 'class_name': 'not-keyboard-focused:outline-none min-h-0 flex-1', 'shape': 'horizontal_rectangle', 'color': 'unknown', 'size': 'large', 'nearby_text': ['Skip to content', 'Chat history', 'Chat history', 'Tripcue Free, open profile menu', 'Claim offer']}
2026-10-01 14:46:09 | INFO | TeachingSession | Semantic UI click learned: {'visible_text': 'Greeting exchange', 'control_type': 'Document', 'class_name': '', 'shape': 'horizontal_rectangle', 'color': 'unknown', 'size': 'large', 'nearby_text': ['Greeting exchange']}
2026-10-01 14:46:09 | INFO | TeachingSession | Semantic UI click learned: {'visible_text': 'Greeting exchange', 'control_type': 'Document', 'class_name': '', 'shape': 'horizontal_rectangle', 'color': 'unknown', 'size': 'large', 'nearby_text': ['Greeting exchange']}
2026-10-01 14:46:13 | INFO | TeachingSession | COLLIN — LEARNED: learned_procedure
2026-10-01 14:46:13 | INFO | TeachingSession | COLLIN — LEARNED: learned_procedure
2026-10-01 15:24:43 | INFO | CollinRuntime | Processing command: Shiksha Adhikari
2026-10-01 15:24:43 | WARNING | CollinRuntime | Command was not executed.
2026-10-01 15:30:52 | INFO | CollinRuntime | Processing command: Bada Jaega ka
2026-10-01 15:30:52 | WARNING | CollinRuntime | Command was not executed.
2026-10-01 15:31:35 | INFO | CollinRuntime | Processing command: light
2026-10-01 15:31:35 | WARNING | CollinRuntime | Command was not executed.
2026-10-01 15:34:14 | INFO | CollinRuntime | Processing command: short span of time enter reducing your
2026-10-01 15:34:14 | WARNING | CollinRuntime | Command was not executed.
2026-10-01 15:34:15 | INFO | CollinRuntime | Processing command: reducing your
2026-10-01 15:34:15 | WARNING | CollinRuntime | Command was not executed.
2026-10-01 15:36:22 | INFO | CollinRuntime | Processing command: Abdul bas
2026-10-01 15:36:22 | WARNING | CollinRuntime | Command was not executed.
2026-10-01 15:41:02 | INFO | CollinRuntime | Processing command: Abdulla
2026-10-01 15:41:02 | WARNING | CollinRuntime | Command was not executed.
2026-10-01 15:41:02 | INFO | CollinRuntime | Processing command: Abdulla
2026-10-01 15:41:02 | WARNING | CollinRuntime | Command was not executed.
2026-10-01 15:42:27 | INFO | CollinRuntime | Processing command: didi ki beti ki job
2026-10-01 15:42:27 | WARNING | CollinRuntime | Command was not executed.
2026-10-01 15:42:28 | INFO | CollinRuntime | Processing command: didi ki beti ki job
2026-10-01 15:42:28 | WARNING | CollinRuntime | Command was not executed.
2026-10-01 15:48:56 | INFO | CollinRuntime | Processing command: Abdullah mein rakh rahi hun andar
2026-10-01 15:48:56 | WARNING | CollinRuntime | Command was not executed.
2026-10-01 15:48:57 | INFO | CollinRuntime | Processing command: Abdullah mein rakh rahi hun andar
2026-10-01 15:48:57 | WARNING | CollinRuntime | Command was not executed.
2026-10-01 15:49:15 | INFO | CollinRuntime | Processing command: do not save changes Holy land procedure
2026-10-01 15:49:15 | WARNING | CollinRuntime | Command was not executed.
2026-10-01 15:49:23 | INFO | CollinRuntime | Processing command: file name
2026-10-01 15:49:23 | WARNING | CollinRuntime | Command was not executed.
2026-10-01 15:49:33 | INFO | CollinRuntime | Processing command: don't save
2026-10-01 15:49:33 | WARNING | CollinRuntime | Command was not executed.
2026-10-01 17:04:01 | INFO | CollinRuntime | Processing command: nominal income
2026-10-01 17:04:01 | WARNING | CollinRuntime | Command was not executed.
2026-10-01 17:13:50 | INFO | CollinRuntime | Processing command: Manish
2026-10-01 17:13:50 | WARNING | CollinRuntime | Command was not executed.
2026-10-01 17:22:24 | INFO | CollinRuntime | Processing command: India Punjab electric bike
2026-10-01 17:22:24 | WARNING | CollinRuntime | Command was not executed.
2026-10-02 12:39:25 | INFO | CollinRuntime | Processing command: Mujhe
2026-10-02 12:39:25 | WARNING | CollinRuntime | Command was not executed.
2026-10-02 19:15:32 | INFO | CollinRuntime | Processing command: Jab Tak Main kahunga Nahin red wale button ko Wapas
2026-10-02 19:15:32 | WARNING | CollinRuntime | Command was not executed.
2026-10-03 13:10:28 | INFO | CollinRuntime | Processing command: open chat g
2026-10-03 13:10:28 | WARNING | CollinRuntime | Command was not executed.
2026-10-03 13:10:34 | INFO | CollinRuntime | Processing command: open chat
2026-10-03 13:10:34 | WARNING | CollinRuntime | Command was not executed.
2026-10-03 13:11:46 | INFO | CollinRuntime | Processing command: I have quick question I have a video available but I want to change it some text and visuals mean completely
2026-10-03 13:11:46 | WARNING | CollinRuntime | Command was not executed.
2026-10-03 13:11:55 | INFO | CollinRuntime | Processing command: change the text and visuals through coding in vs code of that video
2026-10-03 13:11:55 | WARNING | CollinRuntime | Command was not executed.
2026-10-03 13:14:42 | INFO | CollinRuntime | Processing command: can you
2026-10-03 13:14:42 | WARNING | CollinRuntime | Command was not executed.
2026-10-03 13:14:56 | INFO | CollinRuntime | Processing command: in the text form write the thing that what previous video contain mean reference video content and what we are try
2026-10-03 13:14:56 | WARNING | CollinRuntime | Command was not executed.
2026-10-03 13:15:00 | INFO | CollinRuntime | Processing command: don't make anything just answer
2026-10-03 13:15:00 | WARNING | CollinRuntime | Command was not executed.
2026-10-03 13:20:26 | INFO | CollinRuntime | Processing command: tell me
2026-10-03 13:20:26 | WARNING | CollinRuntime | Command was not executed.
2026-10-03 13:20:29 | INFO | CollinRuntime | Processing command: the Indian
2026-10-03 13:20:29 | WARNING | CollinRuntime | Command was not executed.
2026-10-03 13:20:38 | INFO | CollinRuntime | Processing command: aur APK will contain
2026-10-03 13:20:38 | WARNING | CollinRuntime | Command was not executed.
2026-10-03 13:20:59 | INFO | CollinRuntime | Processing command: tell me all the
2026-10-03 13:20:59 | WARNING | CollinRuntime | Command was not executed.
2026-10-03 13:21:07 | INFO | CollinRuntime | Processing command: for app will contain in the end also rank the features
2026-10-03 13:21:07 | WARNING | CollinRuntime | Command was not executed.
2026-10-03 13:21:17 | INFO | CollinRuntime | Processing command: most mean according to rank all features them and tell me why you
2026-10-03 13:21:17 | WARNING | CollinRuntime | Command was not executed.
2026-10-03 13:21:23 | INFO | CollinRuntime | Processing command: what impact will it create
2026-10-03 13:21:23 | WARNING | CollinRuntime | Command was not executed.
2026-10-03 13:25:27 | INFO | CollinRuntime | Processing command: abhi Pankha chalta
2026-10-03 13:25:27 | WARNING | CollinRuntime | Command was not executed.
2026-10-03 13:25:50 | INFO | CollinRuntime | Processing command: like custom team players mean in local cricket sometime this happened that one team has four players other has five
2026-10-03 13:25:50 | WARNING | CollinRuntime | Command was not executed.
2026-10-03 13:27:29 | INFO | CollinRuntime | Processing command: alongside Custom means flexible also
2026-10-03 13:27:29 | WARNING | CollinRuntime | Command was not executed.
2026-10-03 13:27:38 | INFO | CollinRuntime | Processing command: one should be 5v 5 one should be 4v 41 should be 6361 should be 11
2026-10-03 13:27:38 | WARNING | CollinRuntime | Command was not executed.
2026-10-03 13:27:43 | INFO | CollinRuntime | Processing command: one should be custom
2026-10-03 13:27:43 | WARNING | CollinRuntime | Command was not executed.
2026-10-03 13:29:11 | INFO | CollinRuntime | Processing command: while keeping if it offline or at make it as APK can he make it work on desktop
2026-10-03 13:29:11 | WARNING | CollinRuntime | Command was not executed.
2026-10-03 13:30:30 | INFO | CollinRuntime | Processing command: just Android
2026-10-03 13:30:30 | WARNING | CollinRuntime | Command was not executed.
2026-10-03 13:30:41 | INFO | CollinRuntime | Processing command: ok and can Epic it can be termed as apk on desktop
2026-10-03 13:30:41 | WARNING | CollinRuntime | Command was not executed.
2026-10-03 13:30:46 | INFO | CollinRuntime | Processing command: today's top
2026-10-03 13:30:46 | WARNING | CollinRuntime | Command was not executed.
2026-10-03 13:30:49 | INFO | CollinRuntime | Processing command: understanding it to APK
2026-10-03 13:30:49 | WARNING | CollinRuntime | Command was not executed.
2026-10-03 13:31:35 | INFO | CollinRuntime | Processing command: should we add schedule matching
2026-10-03 13:31:35 | WARNING | CollinRuntime | Command was not executed.
2026-10-03 13:32:44 | INFO | CollinRuntime | Processing command: and what about notifications
2026-10-03 13:32:44 | WARNING | CollinRuntime | Command was not executed.
2026-10-03 13:32:48 | INFO | CollinRuntime | Processing command: when matches arrive
2026-10-03 13:32:48 | WARNING | CollinRuntime | Command was not executed.
2026-10-03 13:32:52 | INFO | CollinRuntime | Processing command: coming and
2026-10-03 13:32:52 | WARNING | CollinRuntime | Command was not executed.
2026-10-03 13:33:48 | INFO | CollinRuntime | Processing command: officer 2 model
2026-10-03 13:33:48 | WARNING | CollinRuntime | Command was not executed.
2026-10-03 13:33:59 | INFO | CollinRuntime | Processing command: as much ends it should automatically go into the system and also if they want to say the match in
2026-10-03 13:33:59 | WARNING | CollinRuntime | Command was not executed.
2026-10-03 13:34:03 | INFO | CollinRuntime | Processing command: in the matches area but it
2026-10-03 13:34:03 | WARNING | CollinRuntime | Command was not executed.
2026-10-03 13:34:07 | INFO | CollinRuntime | Processing command: minutes course or
2026-10-03 13:34:07 | WARNING | CollinRuntime | Command was not executed.
2026-10-03 13:34:13 | INFO | CollinRuntime | Processing command: it records will be temporary in the system
2026-10-03 13:34:13 | WARNING | CollinRuntime | Command was not executed.
2026-10-03 13:34:23 | INFO | CollinRuntime | Processing command: wherever but as Mens and its become one minute and second feature to add is
2026-10-03 13:34:23 | WARNING | CollinRuntime | Command was not executed.
2026-10-03 13:34:41 | INFO | CollinRuntime | Processing command: I forgot
2026-10-03 13:34:41 | WARNING | CollinRuntime | Command was not executed.
2026-10-03 13:34:59 | INFO | CollinRuntime | Processing command: I forgotten I remember that it is added ball and 17 clips at all walls come into a screen and clear can change the previous
2026-10-03 13:34:59 | WARNING | CollinRuntime | Command was not executed.
2026-10-03 13:35:53 | INFO | CollinRuntime | Processing command: can you please make the
2026-10-03 13:35:53 | WARNING | CollinRuntime | Command was not executed.
2026-10-03 13:35:57 | INFO | CollinRuntime | Processing command: text based diagram
2026-10-03 13:35:57 | WARNING | CollinRuntime | Command was not executed.
2026-10-03 13:36:05 | INFO | CollinRuntime | Processing command: create image just in the form of text make a diagram
2026-10-03 13:36:05 | WARNING | CollinRuntime | Command was not executed.
2026-10-03 13:36:07 | INFO | CollinRuntime | Processing command: match
2026-10-03 13:36:07 | WARNING | CollinRuntime | Command was not executed.
2026-10-03 13:36:14 | INFO | CollinRuntime | Processing command: how should I define scorecard where is real
2026-10-03 13:36:14 | WARNING | CollinRuntime | Command was not executed.
2026-10-03 13:36:17 | INFO | CollinRuntime | Processing command: real scorecard
2026-10-03 13:36:17 | WARNING | CollinRuntime | Command was not executed.
2026-10-03 13:36:22 | INFO | CollinRuntime | Processing command: Intex phone don't create image
2026-10-03 13:36:22 | WARNING | CollinRuntime | Command was not executed.
2026-10-03 13:37:47 | INFO | CollinRuntime | Processing command: ok
2026-10-03 13:37:47 | WARNING | CollinRuntime | Command was not executed.
2026-10-03 13:37:57 | INFO | CollinRuntime | Processing command: completely new app don't say to rebuilt for example I am starting a new match chart
2026-10-03 13:37:57 | WARNING | CollinRuntime | Command was not executed.
2026-10-03 13:38:01 | INFO | CollinRuntime | Processing command: you are writing a new prompt
2026-10-03 13:38:01 | WARNING | CollinRuntime | Command was not executed.
2026-10-03 13:46:23 | INFO | CollinRuntime | Processing command: just answer can you
2026-10-03 13:46:23 | WARNING | CollinRuntime | Command was not executed.
2026-10-03 13:46:46 | INFO | CollinRuntime | Processing command: to whom I say anything it proceed execute I say open Chrome open open also mean open Instagram means open instagram.com open any
2026-10-03 13:46:46 | WARNING | CollinRuntime | Command was not executed.
2026-10-03 13:46:53 | INFO | CollinRuntime | Processing command: and what else I say means open the
2026-10-03 13:46:53 | WARNING | CollinRuntime | Command was not executed.
2026-10-03 13:46:56 | INFO | CollinRuntime | Processing command: just answer can you build this
2026-10-03 13:46:56 | WARNING | CollinRuntime | Command was not executed.
2026-10-03 13:47:01 | INFO | CollinRuntime | Processing command: and also have some knowledge like
2026-10-03 13:47:01 | WARNING | CollinRuntime | Command was not executed.
2026-10-03 13:47:14 | INFO | CollinRuntime | Processing command: Kuwait 20 website and where we can draw circle and height can his
2026-10-03 13:47:14 | WARNING | CollinRuntime | Command was not executed.
2026-10-03 13:47:25 | INFO | CollinRuntime | Processing command: I said type something is type that on the focus area
2026-10-03 13:47:25 | WARNING | CollinRuntime | Command was not executed.
2026-10-03 13:47:32 | INFO | CollinRuntime | Processing command: the cross anywhere he should look at the cross in the full tab
2026-10-03 13:47:32 | WARNING | CollinRuntime | Command was not executed.
2026-10-03 13:53:23 | INFO | CollinRuntime | Processing command: tell me what does image means
2026-10-03 13:53:23 | WARNING | CollinRuntime | Command was not executed.
2026-10-03 13:53:31 | INFO | CollinRuntime | Processing command: just tell me what is trying to show me and did you feel as well
2026-10-03 13:53:31 | WARNING | CollinRuntime | Command was not executed.
2026-10-03 14:06:39 | INFO | CollinRuntime | Processing command: bala bala
2026-10-03 14:06:39 | WARNING | CollinRuntime | Command was not executed.
2026-10-03 14:29:19 | INFO | CollinRuntime | Processing command: circle here
2026-10-03 14:29:19 | WARNING | CollinRuntime | Command was not executed.
2026-10-03 14:31:06 | INFO | CollinRuntime | Processing command: Kuchh
2026-10-03 14:31:06 | WARNING | CollinRuntime | Command was not executed.
2026-10-03 17:09:35 | INFO | CollinRuntime | Processing command: abhi Patna
2026-10-03 17:09:35 | WARNING | CollinRuntime | Command was not executed.
2026-10-03 17:25:08 | INFO | CollinRuntime | Processing command: Masjid kya
2026-10-03 17:25:08 | WARNING | CollinRuntime | Command was not executed.
2026-10-03 18:01:56 | INFO | CollinRuntime | Processing command: my
2026-10-03 18:01:56 | WARNING | CollinRuntime | Command was not executed.
2026-10-04 11:42:21 | INFO | CollinRuntime | Processing command: main Pani Le Jaunga pakdana tune
2026-10-04 11:42:21 | WARNING | CollinRuntime | Command was not executed.
2026-10-04 11:42:50 | INFO | CollinRuntime | Processing command: add
2026-10-04 11:42:50 | WARNING | CollinRuntime | Command was not executed.
2026-10-04 12:40:16 | INFO | CollinRuntime | Processing command: the question 5
2026-10-04 12:40:16 | WARNING | CollinRuntime | Command was not executed.
2026-10-04 12:40:53 | INFO | CollinRuntime | Processing command: moving to the next exercise
2026-10-04 12:40:53 | WARNING | CollinRuntime | Command was not executed.
2026-10-04 12:41:38 | INFO | CollinRuntime | Processing command: 43440
2026-10-04 12:41:38 | WARNING | CollinRuntime | Command was not executed.
2026-10-04 12:42:27 | INFO | CollinRuntime | Processing command: also next
2026-10-04 12:42:27 | WARNING | CollinRuntime | Command was not executed.
2026-10-04 12:42:39 | INFO | CollinRuntime | Processing command: this is the first
2026-10-04 12:42:39 | WARNING | CollinRuntime | Command was not executed.
2026-10-04 12:43:36 | INFO | CollinRuntime | Processing command: put hypothesis
2026-10-04 12:43:36 | WARNING | CollinRuntime | Command was not executed.
2026-10-04 12:44:32 | INFO | CollinRuntime | Processing command: let's move to watch 5
2026-10-04 12:44:32 | WARNING | CollinRuntime | Command was not executed.
2026-10-04 12:44:47 | INFO | CollinRuntime | Processing command: no no no no speak a question
2026-10-04 12:44:47 | WARNING | CollinRuntime | Command was not executed.
2026-10-04 12:45:00 | INFO | CollinRuntime | Processing command: 6.5
2026-10-04 12:45:00 | WARNING | CollinRuntime | Command was not executed.
2026-10-04 12:45:13 | INFO | CollinRuntime | Processing command: exercise 6.5 exercise 6.5 hello
2026-10-04 12:45:13 | WARNING | CollinRuntime | Command was not executed.
2026-10-04 12:45:21 | INFO | CollinRuntime | Processing command: I am saying exercise 6.5
2026-10-04 12:45:21 | WARNING | CollinRuntime | Command was not executed.
2026-10-04 12:45:34 | INFO | CollinRuntime | Processing command: no no it's not dad
2026-10-04 12:45:34 | WARNING | CollinRuntime | Command was not executed.
2026-10-04 12:47:06 | INFO | CollinRuntime | Processing command: call again
2026-10-04 12:47:06 | WARNING | CollinRuntime | Command was not executed.
2026-10-04 13:02:32 | INFO | CollinRuntime | Processing command: open chat
2026-10-04 13:02:32 | WARNING | CollinRuntime | Command was not executed.
2026-10-04 13:17:01 | INFO | CollinRuntime | Collin starting...
2026-10-04 13:17:01 | INFO | CollinRuntime | Collin is running.
2026-10-04 13:17:15 | INFO | CollinRuntime | Processing command: how old are you going
2026-10-04 13:17:15 | WARNING | CollinRuntime | Command was not executed.
2026-10-04 13:17:32 | INFO | CollinRuntime | Processing command: open chat GPT
2026-10-04 13:17:33 | INFO | CollinRuntime | Command executed successfully.
2026-10-04 13:24:04 | INFO | CollinRuntime | Processing command: and sometime and I sometime will move with the growing world I will see the content going that so many creators are saying that this is appeal to this is a free to And I Will Then research on them and without taking the names of showing the post of those status without blame them I will just come in front of them come in the video
2026-10-04 13:24:04 | WARNING | CollinRuntime | Command was not executed.
2026-10-04 13:24:08 | INFO | CollinRuntime | Processing command: can you wear its
2026-10-04 13:24:08 | WARNING | CollinRuntime | Command was not executed.
2026-10-04 13:24:13 | INFO | CollinRuntime | Processing command: and three benefits and paid permits free
2026-10-04 13:24:13 | WARNING | CollinRuntime | Command was not executed.
2026-10-04 13:24:31 | INFO | CollinRuntime | Processing command: what free gives you what it don't give you and last thing we will be but if you want to pay it what else
2026-10-04 13:24:31 | WARNING | CollinRuntime | Command was not executed.
2026-10-04 13:24:36 | INFO | CollinRuntime | Processing command: if it's
2026-10-04 13:24:36 | WARNING | CollinRuntime | Command was not executed.
2026-10-04 13:24:48 | INFO | CollinRuntime | Processing command: showing that two I will tell its I have got another two one is expensive than that and what is full zero
2026-10-04 13:24:48 | WARNING | CollinRuntime | Command was not executed.
2026-10-04 13:24:55 | INFO | CollinRuntime | Processing command: for example let me take example say
2026-10-04 13:24:55 | WARNING | CollinRuntime | Command was not executed.
2026-10-04 13:25:00 | INFO | CollinRuntime | Processing command: I will tell its speed has
2026-10-04 13:25:00 | WARNING | CollinRuntime | Command was not executed.
2026-10-04 13:25:07 | INFO | CollinRuntime | Processing command: statistics
2026-10-04 13:25:07 | WARNING | CollinRuntime | Command was not executed.
2026-10-04 13:25:10 | INFO | CollinRuntime | Processing command: has no paid plan
2026-10-04 13:25:10 | WARNING | CollinRuntime | Command was not executed.
2026-10-04 13:25:14 | INFO | CollinRuntime | Processing command: expensive
2026-10-04 13:25:14 | WARNING | CollinRuntime | Command was not executed.
2026-10-04 13:25:17 | INFO | CollinRuntime | Processing command: I will show the
2026-10-04 13:25:17 | WARNING | CollinRuntime | Command was not executed.
2026-10-04 13:25:28 | INFO | CollinRuntime | Processing command: it is
2026-10-04 13:25:28 | WARNING | CollinRuntime | Command was not executed.
2026-10-04 13:26:32 | INFO | CollinRuntime | Processing command: I will
2026-10-04 13:26:32 | WARNING | CollinRuntime | Command was not executed.
2026-10-04 13:26:36 | INFO | CollinRuntime | Processing command: focus
2026-10-04 13:26:36 | WARNING | CollinRuntime | Command was not executed.
2026-10-04 13:26:52 | INFO | CollinRuntime | Processing command: like I will honestly claim that meta AI capacity closed
2026-10-04 13:26:52 | WARNING | CollinRuntime | Command was not executed.
2026-10-04 13:26:56 | INFO | CollinRuntime | Processing command: not say that
2026-10-04 13:26:56 | WARNING | CollinRuntime | Command was not executed.
2026-10-04 13:27:10 | INFO | CollinRuntime | Processing command: until I have used it because I have never used the dot I just heard about it yes I will tell that what I am hearing but my research says but India I will use
2026-10-04 13:27:10 | WARNING | CollinRuntime | Command was not executed.
2026-10-04 13:27:15 | INFO | CollinRuntime | Processing command: about currently the so many
2026-10-04 13:27:15 | WARNING | CollinRuntime | Command was not executed.
2026-10-04 13:27:21 | INFO | CollinRuntime | Processing command: Sonnet and extra
2026-10-04 13:27:21 | WARNING | CollinRuntime | Command was not executed.
2026-10-04 13:28:13 | INFO | CollinRuntime | Processing command: I will
2026-10-04 13:28:13 | WARNING | CollinRuntime | Command was not executed.
2026-10-04 13:28:25 | INFO | CollinRuntime | Processing command: I have told you that I will focus on my building things as well that I can show those to then then you can use my middle term
2026-10-04 13:28:25 | WARNING | CollinRuntime | Command was not executed.
2026-10-04 13:28:41 | INFO | CollinRuntime | Processing command: built the personally computer agent that is on its level 12 and it's so simple that but we say that
2026-10-04 13:28:41 | WARNING | CollinRuntime | Command was not executed.
2026-10-04 13:28:49 | INFO | CollinRuntime | Processing command: I will see that you are using other models for computer
2026-10-04 13:28:49 | WARNING | CollinRuntime | Command was not executed.
2026-10-04 13:28:52 | INFO | CollinRuntime | Processing command: and the last
2026-10-04 13:28:52 | WARNING | CollinRuntime | Command was not executed.
2026-10-04 13:28:56 | INFO | CollinRuntime | Processing command: that it's my
2026-10-04 13:28:56 | WARNING | CollinRuntime | Command was not executed.
2026-10-04 13:29:12 | INFO | CollinRuntime | Processing command: after putting this report in vs code and cloning it and taking its file you have to run just three to four commands and it will start working
2026-10-04 13:29:12 | WARNING | CollinRuntime | Command was not executed.
2026-10-04 13:29:18 | INFO | CollinRuntime | Processing command: that they download and click activate
2026-10-04 13:29:18 | WARNING | CollinRuntime | Command was not executed.
2026-10-04 13:29:23 | INFO | CollinRuntime | Processing command: going for those things that I am not
2026-10-04 13:29:23 | WARNING | CollinRuntime | Command was not executed.
2026-10-04 13:29:27 | INFO | CollinRuntime | Processing command: more things but
2026-10-04 13:29:27 | WARNING | CollinRuntime | Command was not executed.
2026-10-04 13:29:37 | INFO | CollinRuntime | Processing command: I will just say that if you want to use mine you are I am very very happy
2026-10-04 13:29:37 | WARNING | CollinRuntime | Command was not executed.
2026-10-04 13:29:43 | INFO | CollinRuntime | Processing command: for free
2026-10-04 13:29:43 | WARNING | CollinRuntime | Command was not executed.
2026-10-04 13:32:29 | INFO | CollinRuntime | Processing command: but I will still say that you can use
2026-10-04 13:32:29 | WARNING | CollinRuntime | Command was not executed.
2026-10-04 13:32:38 | INFO | CollinRuntime | Processing command: it will give but free thing you can use will give like for text to speech I can
2026-10-04 13:32:38 | WARNING | CollinRuntime | Command was not executed.
2026-10-04 13:32:45 | INFO | CollinRuntime | Processing command: that can work on any laptop that is so simple
2026-10-04 13:32:45 | WARNING | CollinRuntime | Command was not executed.
2026-10-04 13:32:53 | INFO | CollinRuntime | Processing command: alternative that is hearing the seeing the caption of Gemini life
2026-10-04 13:32:53 | WARNING | CollinRuntime | Command was not executed.
2026-10-04 13:32:58 | INFO | CollinRuntime | Processing command: you teach your computer is it how when I
2026-10-04 13:32:58 | WARNING | CollinRuntime | Command was not executed.
2026-10-04 13:33:01 | INFO | CollinRuntime | Processing command: ask Gemini
2026-10-04 13:33:01 | WARNING | CollinRuntime | Command was not executed.
2026-10-04 13:33:17 | INFO | CollinRuntime | Processing command: I want to use it or not but I have very strong alternative for that as its computer agents has access to your chat
2026-10-04 13:33:17 | WARNING | CollinRuntime | Command was not executed.
2026-10-04 13:33:23 | INFO | CollinRuntime | Processing command: colon will go and
2026-10-04 13:33:23 | WARNING | CollinRuntime | Command was not executed.
2026-10-04 13:33:27 | INFO | CollinRuntime | Processing command: mean that will be
2026-10-04 13:33:27 | WARNING | CollinRuntime | Command was not executed.
2026-10-04 13:33:38 | INFO | CollinRuntime | Processing command: mean I will in between of building I will also tell that here you can use the paid here you can use the
2026-10-04 13:33:38 | WARNING | CollinRuntime | Command was not executed.
2026-10-04 13:33:44 | INFO | CollinRuntime | Processing command: free is this paid is this and whenever the there is no choice
2026-10-04 13:33:44 | WARNING | CollinRuntime | Command was not executed.
2026-10-04 13:33:51 | INFO | CollinRuntime | Processing command: you can use for X time for free but after that you have
2026-10-04 13:33:51 | WARNING | CollinRuntime | Command was not executed.
2026-10-04 13:34:02 | INFO | CollinRuntime | Processing command: that's not my rule that's our rules so I can't send it
2026-10-04 13:34:02 | WARNING | CollinRuntime | Command was not executed.
2026-10-04 13:37:16 | INFO | CollinRuntime | Processing command: after independence
2026-10-04 13:37:16 | WARNING | CollinRuntime | Command was not executed.
2026-10-04 13:37:23 | INFO | CollinRuntime | Processing command: then the series about how to make a web development
2026-10-04 13:37:23 | WARNING | CollinRuntime | Command was not executed.
2026-10-04 13:37:30 | INFO | CollinRuntime | Processing command: in the series I will be working like this
2026-10-04 13:37:30 | WARNING | CollinRuntime | Command was not executed.
2026-10-04 13:37:34 | INFO | CollinRuntime | Processing command: start with fever
2026-10-04 13:37:34 | WARNING | CollinRuntime | Command was not executed.
2026-10-04 13:37:41 | INFO | CollinRuntime | Processing command: with zero 10 investment
2026-10-04 13:37:41 | WARNING | CollinRuntime | Command was not executed.
2026-10-04 13:37:46 | INFO | CollinRuntime | Processing command: bill has three
2026-10-04 13:37:46 | WARNING | CollinRuntime | Command was not executed.
2026-10-04 13:37:55 | INFO | CollinRuntime | Processing command: one will be 3 + how
2026-10-04 13:37:55 | WARNING | CollinRuntime | Command was not executed.
2026-10-04 13:37:59 | INFO | CollinRuntime | Processing command: agency
2026-10-04 13:37:59 | WARNING | CollinRuntime | Command was not executed.
2026-10-04 13:38:07 | INFO | CollinRuntime | Processing command: alongside the level of
2026-10-04 13:38:07 | WARNING | CollinRuntime | Command was not executed.
2026-10-04 13:38:15 | INFO | CollinRuntime | Processing command: previous 15 days they have told how to build level
2026-10-04 13:38:15 | WARNING | CollinRuntime | Command was not executed.
2026-10-04 13:38:21 | INFO | CollinRuntime | Processing command: how you can
2026-10-04 13:38:21 | WARNING | CollinRuntime | Command was not executed.
2026-10-04 13:38:25 | INFO | CollinRuntime | Processing command: didn't had how it will benefit
2026-10-04 13:38:25 | WARNING | CollinRuntime | Command was not executed.
2026-10-04 13:38:33 | INFO | CollinRuntime | Processing command: after each 2 months I will take the level next level of
2026-10-04 13:38:33 | WARNING | CollinRuntime | Command was not executed.
2026-10-04 13:38:41 | INFO | CollinRuntime | Processing command: that might come more but 20 I
2026-10-04 13:38:41 | WARNING | CollinRuntime | Command was not executed.
2026-10-04 13:38:46 | INFO | CollinRuntime | Processing command: what we can go less if it has
2026-10-04 13:38:46 | WARNING | CollinRuntime | Command was not executed.
2026-10-04 13:40:55 | INFO | CollinRuntime | Processing command: Pakda
2026-10-04 13:40:55 | WARNING | CollinRuntime | Command was not executed.
2026-10-04 13:44:11 | INFO | CollinRuntime | Processing command: Mujhe Kan Mein dard ho
2026-10-04 13:44:11 | WARNING | CollinRuntime | Command was not executed.
2026-10-04 13:44:23 | INFO | CollinRuntime | Processing command: abhi mujhe Gand Mein dard ho
2026-10-04 13:44:23 | WARNING | CollinRuntime | Command was not executed.
2026-10-04 13:44:28 | INFO | CollinRuntime | Processing command: Main Tera
2026-10-04 13:44:28 | WARNING | CollinRuntime | Command was not executed.
2026-10-04 13:45:55 | INFO | CollinRuntime | Processing command: I am selling my own platform
2026-10-04 13:45:55 | WARNING | CollinRuntime | Command was not executed.
2026-10-04 13:45:58 | INFO | CollinRuntime | Processing command: sometime I
2026-10-04 13:45:58 | WARNING | CollinRuntime | Command was not executed.
2026-10-04 13:46:03 | INFO | CollinRuntime | Processing command: subliminal outreach
2026-10-04 13:46:03 | WARNING | CollinRuntime | Command was not executed.
2026-10-04 13:46:12 | INFO | CollinRuntime | Processing command: love to give them
2026-10-04 13:46:12 | WARNING | CollinRuntime | Command was not executed.
2026-10-04 13:46:26 | INFO | CollinRuntime | Processing command: and it doesn't mean that I give the report but how I will give it for free that is very interesting
2026-10-04 13:46:26 | WARNING | CollinRuntime | Command was not executed.
2026-10-04 13:46:29 | INFO | CollinRuntime | Processing command: if they are building with me
2026-10-04 13:46:29 | WARNING | CollinRuntime | Command was not executed.
2026-10-04 13:46:35 | INFO | CollinRuntime | Processing command: they have bought it from from me for
2026-10-04 13:46:35 | WARNING | CollinRuntime | Command was not executed.
2026-10-04 13:46:39 | INFO | CollinRuntime | Processing command: I want to code a lot
2026-10-04 13:46:39 | WARNING | CollinRuntime | Command was not executed.
2026-10-04 13:46:44 | INFO | CollinRuntime | Processing command: don't want to write a single line
2026-10-04 13:46:44 | WARNING | CollinRuntime | Command was not executed.
2026-10-04 13:46:50 | INFO | CollinRuntime | Processing command: remote advance
2026-10-04 13:46:50 | WARNING | CollinRuntime | Command was not executed.
2026-10-04 13:56:11 | INFO | CollinRuntime | Processing command: it means
2026-10-04 13:56:11 | WARNING | CollinRuntime | Command was not executed.
2026-10-04 13:56:36 | INFO | CollinRuntime | Processing command: but but that doesn't
2026-10-04 13:56:36 | WARNING | CollinRuntime | Command was not executed.
2026-10-04 13:56:39 | INFO | CollinRuntime | Processing command: future if I
2026-10-04 13:56:39 | WARNING | CollinRuntime | Command was not executed.
2026-10-04 13:56:44 | INFO | CollinRuntime | Processing command: that doesn't mean that I will teach that Earth
2026-10-04 13:56:44 | WARNING | CollinRuntime | Command was not executed.
2026-10-04 13:56:49 | INFO | CollinRuntime | Processing command: like if I
2026-10-04 13:56:49 | WARNING | CollinRuntime | Command was not executed.
2026-10-04 13:56:53 | INFO | CollinRuntime | Processing command: launcher to like
2026-10-04 13:56:53 | WARNING | CollinRuntime | Command was not executed.
2026-10-04 13:56:59 | INFO | CollinRuntime | Processing command: that but I am gonna
2026-10-04 13:56:59 | WARNING | CollinRuntime | Command was not executed.
2026-10-04 13:57:18 | INFO | CollinRuntime | Processing command: Ammi mere ko laga kar diya na
2026-10-04 13:57:18 | WARNING | CollinRuntime | Command was not executed.
2026-10-04 13:57:46 | INFO | CollinRuntime | Processing command: but it but yes it will have one list
2026-10-04 13:57:46 | WARNING | CollinRuntime | Command was not executed.
2026-10-04 13:57:51 | INFO | CollinRuntime | Processing command: app based
2026-10-04 13:57:51 | WARNING | CollinRuntime | Command was not executed.
2026-10-04 13:57:55 | INFO | CollinRuntime | Processing command: I will tell
2026-10-04 13:57:55 | WARNING | CollinRuntime | Command was not executed.
2026-10-04 13:58:02 | INFO | CollinRuntime | Processing command: I am giving the local host of my ll
2026-10-04 13:58:02 | WARNING | CollinRuntime | Command was not executed.
2026-10-04 13:58:07 | INFO | CollinRuntime | Processing command: not for my
2026-10-04 13:58:07 | WARNING | CollinRuntime | Command was not executed.
2026-10-04 14:03:20 | INFO | CollinRuntime | Processing command: instead of telling that you can absolutely use eggs instead but I will say but I have built it in front of you
2026-10-04 14:03:20 | WARNING | CollinRuntime | Command was not executed.
2026-10-04 14:03:29 | INFO | CollinRuntime | Processing command: you and telling you about this because I want you to know that what you are mine
2026-10-04 14:03:29 | WARNING | CollinRuntime | Command was not executed.
2026-10-04 14:03:33 | INFO | CollinRuntime | Processing command: belt and what you are mine
2026-10-04 14:03:33 | WARNING | CollinRuntime | Command was not executed.
2026-10-04 14:03:39 | INFO | CollinRuntime | Processing command: but you can also do that
2026-10-04 14:03:39 | WARNING | CollinRuntime | Command was not executed.
2026-10-04 14:08:33 | INFO | CollinRuntime | Processing command: Teri Ammi kya hai
2026-10-04 14:08:33 | WARNING | CollinRuntime | Command was not executed.
2026-10-04 14:11:07 | INFO | CollinRuntime | Processing command: sabse Piche Badi
2026-10-04 14:11:07 | WARNING | CollinRuntime | Command was not executed.
2026-10-04 14:14:22 | INFO | CollinRuntime | Processing command: Pyari kya
2026-10-04 14:14:22 | WARNING | CollinRuntime | Command was not executed.
2026-10-04 14:19:56 | INFO | CollinRuntime | Processing command: hello
2026-10-04 14:19:56 | WARNING | CollinRuntime | Command was not executed.
2026-10-04 14:20:00 | INFO | CollinRuntime | Processing command: hello
2026-10-04 14:20:00 | WARNING | CollinRuntime | Command was not executed.
2026-10-04 14:22:05 | INFO | CollinRuntime | Processing command: main Bahar Kaun
2026-10-04 14:22:05 | WARNING | CollinRuntime | Command was not executed.
2026-10-04 14:35:32 | INFO | CollinRuntime | Processing command: Imam
2026-10-04 14:35:32 | WARNING | CollinRuntime | Command was not executed.
2026-10-04 14:46:44 | INFO | CollinRuntime | Processing command: video editing
2026-10-04 14:46:44 | WARNING | CollinRuntime | Command was not executed.
2026-10-04 14:52:27 | INFO | CollinRuntime | Processing command: Mere Pyare
2026-10-04 14:52:27 | WARNING | CollinRuntime | Command was not executed.
2026-10-04 14:52:31 | INFO | CollinRuntime | Processing command: band kar de
2026-10-04 14:52:31 | WARNING | CollinRuntime | Command was not executed.
2026-10-04 14:52:48 | INFO | CollinRuntime | Processing command: main aaya tha
2026-10-04 14:52:48 | WARNING | CollinRuntime | Command was not executed.
2026-10-04 14:52:58 | INFO | CollinRuntime | Processing command: jiji
2026-10-04 14:52:58 | WARNING | CollinRuntime | Command was not executed.
2026-10-04 14:54:37 | INFO | CollinRuntime | Processing command: PS4
2026-10-04 14:54:37 | WARNING | CollinRuntime | Command was not executed.
2026-10-04 15:10:59 | INFO | CollinRuntime | Processing command: saton mein
2026-10-04 15:10:59 | WARNING | CollinRuntime | Command was not executed.
2026-10-04 15:13:36 | INFO | CollinRuntime | Processing command: Achcha yaar
2026-10-04 15:13:36 | WARNING | CollinRuntime | Command was not executed.
2026-10-04 15:20:05 | INFO | CollinRuntime | Processing command: vitamin B12 vitamin
2026-10-04 15:20:05 | WARNING | CollinRuntime | Command was not executed.
2026-10-04 15:24:10 | INFO | CollinRuntime | Processing command: zee5
2026-10-04 15:24:10 | WARNING | CollinRuntime | Command was not executed.
2026-10-04 15:28:44 | INFO | CollinRuntime | Processing command: Kan Mein Dard
2026-10-04 15:28:44 | WARNING | CollinRuntime | Command was not executed.
2026-10-04 16:33:24 | INFO | CollinRuntime | Processing command: Nahin Deewani main
2026-10-04 16:33:24 | WARNING | CollinRuntime | Command was not executed.
2026-10-04 16:39:20 | INFO | CollinRuntime | Processing command: Haryanvi
2026-10-04 16:39:20 | WARNING | CollinRuntime | Command was not executed.
2026-10-04 16:39:43 | INFO | CollinRuntime | Processing command: Nahin aunty
2026-10-04 16:39:43 | WARNING | CollinRuntime | Command was not executed.
2026-10-04 16:45:56 | INFO | CollinRuntime | Processing command: Tumhari muskurate
2026-10-04 16:45:56 | WARNING | CollinRuntime | Command was not executed.
2026-10-04 16:46:01 | INFO | CollinRuntime | Processing command: aur Tumhare
2026-10-04 16:46:01 | WARNING | CollinRuntime | Command was not executed.
2026-10-04 19:32:36 | INFO | CollinRuntime | Processing command: open AK platform
2026-10-04 19:32:36 | WARNING | CollinRuntime | Command was not executed.
2026-10-04 19:32:51 | INFO | CollinRuntime | Processing command: Justin Mehta ki recording
2026-10-04 19:32:51 | WARNING | CollinRuntime | Command was not executed.
2026-10-04 19:33:52 | INFO | CollinRuntime | Processing command: CA
2026-10-04 19:33:52 | WARNING | CollinRuntime | Command was not executed.
2026-10-04 19:36:38 | INFO | CollinRuntime | Processing command: Janmashtami
2026-10-04 19:36:38 | WARNING | CollinRuntime | Command was not executed.
2026-10-04 19:37:52 | INFO | CollinRuntime | Processing command: 10 tarikh
2026-10-04 19:37:52 | WARNING | CollinRuntime | Command was not executed.
2026-10-04 19:38:12 | INFO | CollinRuntime | Processing command: ishanu
2026-10-04 19:38:12 | WARNING | CollinRuntime | Command was not executed.
2026-10-04 19:38:18 | INFO | CollinRuntime | Processing command: 10th
2026-10-04 19:38:18 | WARNING | CollinRuntime | Command was not executed.
2026-10-04 19:38:30 | INFO | CollinRuntime | Processing command: ugly
2026-10-04 19:38:30 | WARNING | CollinRuntime | Command was not executed.
2026-10-04 19:39:13 | INFO | CollinRuntime | Processing command: Marham Lagane ham
2026-10-04 19:39:13 | WARNING | CollinRuntime | Command was not executed.
2026-10-04 19:40:12 | INFO | CollinRuntime | Processing command: pata nahin
2026-10-04 19:40:12 | WARNING | CollinRuntime | Command was not executed.
2026-10-04 19:41:26 | INFO | CollinRuntime | Processing command: is it free
2026-10-04 19:41:26 | WARNING | CollinRuntime | Command was not executed.
2026-10-04 19:41:51 | INFO | CollinRuntime | Processing command: hi hi hi
2026-10-04 19:41:51 | WARNING | CollinRuntime | Command was not executed.
2026-10-04 19:42:56 | INFO | CollinRuntime | Processing command: autobiography
2026-10-04 19:42:56 | WARNING | CollinRuntime | Command was not executed.
2026-10-05 13:40:38 | INFO | CollinRuntime | Processing command: aaj ka
2026-10-05 13:40:38 | WARNING | CollinRuntime | Command was not executed.
2026-10-05 14:02:17 | INFO | CollinRuntime | Processing command: pagal
2026-10-05 14:02:17 | WARNING | CollinRuntime | Command was not executed.
2026-10-05 14:03:22 | INFO | CollinRuntime | Processing command: yahan se aap stand Jaaye aur
2026-10-05 14:03:22 | WARNING | CollinRuntime | Command was not executed.
2026-10-05 14:10:59 | INFO | CollinRuntime | Processing command: Motu Patalu Ki Jodi Jodi
2026-10-05 14:10:59 | WARNING | CollinRuntime | Command was not executed.
2026-10-05 14:11:13 | INFO | CollinRuntime | Processing command: band kar diya aapane
2026-10-05 14:11:13 | WARNING | CollinRuntime | Command was not executed.
2026-10-05 14:11:35 | INFO | CollinRuntime | Processing command: Lenovo
2026-10-05 14:11:35 | WARNING | CollinRuntime | Command was not executed.
2026-10-05 14:11:42 | INFO | CollinRuntime | Processing command: p
2026-10-05 14:11:42 | WARNING | CollinRuntime | Command was not executed.
2026-10-05 14:11:59 | INFO | CollinRuntime | Processing command: Kaise
2026-10-05 14:11:59 | WARNING | CollinRuntime | Command was not executed.
2026-10-05 14:12:09 | INFO | CollinRuntime | Processing command: mic
2026-10-05 14:12:09 | WARNING | CollinRuntime | Command was not executed.
2026-10-05 14:12:23 | INFO | CollinRuntime | Processing command: study
2026-10-05 14:12:23 | WARNING | CollinRuntime | Command was not executed.
2026-10-05 14:12:29 | INFO | CollinRuntime | Processing command: railgadi
2026-10-05 14:12:29 | WARNING | CollinRuntime | Command was not executed.
2026-10-05 14:12:35 | INFO | CollinRuntime | Processing command: main Moti hun
2026-10-05 14:12:35 | WARNING | CollinRuntime | Command was not executed.
2026-10-05 14:12:49 | INFO | CollinRuntime | Processing command: aur motu
2026-10-05 14:12:49 | WARNING | CollinRuntime | Command was not executed.
2026-10-05 14:12:52 | INFO | CollinRuntime | Processing command: show some motu
2026-10-05 14:12:52 | WARNING | CollinRuntime | Command was not executed.
2026-10-05 14:12:58 | INFO | CollinRuntime | Processing command: Bablu
2026-10-05 14:12:58 | WARNING | CollinRuntime | Command was not executed.
2026-10-05 14:13:02 | INFO | CollinRuntime | Processing command: Nahin Motu Patalu ki puri spelling sunao
2026-10-05 14:13:02 | WARNING | CollinRuntime | Command was not executed.
2026-10-05 14:13:06 | INFO | CollinRuntime | Processing command: Kyon nahin aati Aan
2026-10-05 14:13:06 | WARNING | CollinRuntime | Command was not executed.
2026-10-05 14:13:23 | INFO | CollinRuntime | Processing command: two or a t l u path
2026-10-05 14:13:23 | WARNING | CollinRuntime | Command was not executed.
2026-10-05 14:13:33 | INFO | CollinRuntime | Processing command: Patalu se Patalu
2026-10-05 14:13:33 | WARNING | CollinRuntime | Command was not executed.
2026-10-05 14:13:38 | INFO | CollinRuntime | Processing command: kya musibat hai
2026-10-05 14:13:38 | WARNING | CollinRuntime | Command was not executed.
2026-10-05 14:25:31 | INFO | CollinRuntime | Processing command: motu patlu motu a gaya hai
2026-10-05 14:25:31 | WARNING | CollinRuntime | Command was not executed.
2026-10-05 14:25:34 | INFO | CollinRuntime | Processing command: Barbad Ho Gaya Motu Patalu
2026-10-05 14:25:34 | WARNING | CollinRuntime | Command was not executed.
2026-10-05 14:32:03 | INFO | CollinRuntime | Processing command: Judaism
2026-10-05 14:32:03 | WARNING | CollinRuntime | Command was not executed.
2026-10-05 14:37:32 | INFO | CollinRuntime | Processing command: Aao Motu Patalu
2026-10-05 14:37:32 | WARNING | CollinRuntime | Command was not executed.
2026-10-05 14:38:27 | INFO | CollinRuntime | Processing command: Mere Ghar ki latest supply band ho gai hai Kuchh karo
2026-10-05 14:38:27 | WARNING | CollinRuntime | Command was not executed.
2026-10-05 15:16:47 | INFO | CollinRuntime | Collin starting...
2026-10-05 15:16:47 | INFO | CollinRuntime | Collin is running.
2026-10-05 16:06:01 | INFO | CollinRuntime | Collin starting...
2026-10-05 16:06:01 | INFO | CollinRuntime | Collin is running.
2026-10-05 20:58:45 | INFO | CollinRuntime | Collin starting...
2026-10-05 20:58:45 | INFO | CollinRuntime | Collin is running.
2026-10-06 14:35:50 | INFO | CollinRuntime | Collin starting...
2026-10-06 14:35:50 | INFO | CollinRuntime | Collin is running.
2026-10-06 15:23:37 | INFO | CollinRuntime | Collin starting...
2026-10-06 15:23:37 | INFO | CollinRuntime | Collin is running.
2026-10-07 14:24:45 | INFO | CollinRuntime | Collin starting...
2026-10-07 14:24:45 | INFO | CollinRuntime | Collin is running.
2026-10-07 14:32:25 | INFO | CollinRuntime | Collin starting...
2026-10-07 14:32:25 | INFO | CollinRuntime | Collin is running.
